url,http_status,canonical,title,title_length,description,description_length,h1,robots,jsonld_types,incoming_source_pages,click_depth_from_home,html_bytes,main_words,note
https://sk-rosa.ru/,200,https://sk-rosa.ru/,"Ремонт квартир, домов и офисов в Москве | ROSA",46,"Ремонт квартир, домов, офисов и помещений под ключ в Москве и области ➤ 6+ лет опыта ➤ По договору ➤ Фиксированные цены ☎ 8(985) 135-49-91",138,Строительная компания ROSA,"index, follow, max-image-preview:large, max-snippet:-1, max-video-preview:-1","AdministrativeArea; City; ContactPoint; GeoCoordinates; ImageObject; OpeningHoursSpecification; PostalAddress; WebPage; WebSite; ['Organization', 'LocalBusiness', 'HomeAndConstructionBusiness']",388,0,95414,832,
https://sk-rosa.ru/turnkey-repair,200,https://sk-rosa.ru/turnkey-repair,Ремонт квартир и домов под ключ в Москве от 10 000 ₽/м² | ROSA,62,"Ремонт квартир, домов и коммерческих помещений под ключ в Москве и МО: демонтаж, инженерия, черновая и чистовая отделка. От 10 000 ₽/м², договор и акт. ☎ 8(985) 135-49-91",170,"Ремонт квартир, домов и коммерческих помещений под ключ в Москве и области","index, follow, max-image-preview:large, max-snippet:-1, max-video-preview:-1","AdministrativeArea; Answer; BreadcrumbList; City; ContactPoint; FAQPage; GeoCoordinates; ImageObject; ListItem; Offer; OpeningHoursSpecification; PostalAddress; Question; Service; ServiceChannel; UnitPriceSpecification; WebPage; WebSite; ['Organization', 'LocalBusiness', 'HomeAndConstructionBusiness']",388,1,96996,1128,
https://sk-rosa.ru/plastering,200,https://sk-rosa.ru/plastering,Штукатурка стен в Москве от 600 ₽/м² | ROSA,43,"Механизированная штукатурка стен в Москве и МО: гипсовая и цементная, по маякам, под обои, покраску и плитку. От 600 ₽/м², договор и акт. ☎ 8(985) 135-49-91",156,Механизированная штукатурка в Москве и области,"index, follow, max-image-preview:large, max-snippet:-1, max-video-preview:-1","AdministrativeArea; Answer; BreadcrumbList; City; ContactPoint; FAQPage; GeoCoordinates; ImageObject; ListItem; Offer; OpeningHoursSpecification; PostalAddress; Question; Service; ServiceChannel; UnitPriceSpecification; WebPage; WebSite; ['Organization', 'LocalBusiness', 'HomeAndConstructionBusiness']",388,1,112835,1294,
https://sk-rosa.ru/airless-painting,200,https://sk-rosa.ru/airless-painting,Безвоздушная покраска в Москве от 200 ₽/м² | ROSA,49,"Безвоздушная покраска стен, потолков и фасадов в Москве и МО. Цена от 200 ₽/м², подготовка основания, договор, акт и гарантия. ☎ 8(985) 135-49-91",145,Безвоздушная покраска стен и потолков в Москве,"index, follow, max-image-preview:large, max-snippet:-1, max-video-preview:-1","AdministrativeArea; Answer; BreadcrumbList; City; ContactPoint; FAQPage; GeoCoordinates; ImageObject; ListItem; Offer; OpeningHoursSpecification; PostalAddress; Question; Service; ServiceChannel; UnitPriceSpecification; WebPage; WebSite; ['Organization', 'LocalBusiness', 'HomeAndConstructionBusiness']",388,1,93095,1172,
https://sk-rosa.ru/moskva/bezvozdushnaya-pokraska-sten,200,https://sk-rosa.ru/moskva/bezvozdushnaya-pokraska-sten,Безвоздушная покраска стен в Москве от 200 ₽/м² | ROSA,54,"Покраска стен безвоздушным способом в Москве: квартиры, офисы и коммерческие помещения. Цена от 200 ₽/м², укрытие поверхностей, договор и акт.",142,Безвоздушная покраска стен в Москве,"index, follow, max-image-preview:large, max-snippet:-1, max-video-preview:-1","AdministrativeArea; Answer; BreadcrumbList; City; ContactPoint; FAQPage; GeoCoordinates; ImageObject; ListItem; Offer; OpeningHoursSpecification; PostalAddress; Question; Service; ServiceChannel; UnitPriceSpecification; WebPage; WebSite; ['Organization', 'LocalBusiness', 'HomeAndConstructionBusiness']",0,unreachable,48907,727,P1: нет входящих HTML-ссылок с других страниц sitemap
https://sk-rosa.ru/moskva/bezvozdushnaya-pokraska-potolka,200,https://sk-rosa.ru/moskva/bezvozdushnaya-pokraska-potolka,Безвоздушная покраска потолка в Москве от 250 ₽/м² | ROSA,57,"Покраска потолка безвоздушным способом в Москве: ровное нанесение без полос, укрытие помещения, подбор краски, договор и акт. Цена от 250 ₽/м².",143,Безвоздушная покраска потолка в Москве,"index, follow, max-image-preview:large, max-snippet:-1, max-video-preview:-1","AdministrativeArea; Answer; BreadcrumbList; City; ContactPoint; FAQPage; GeoCoordinates; ImageObject; ListItem; Offer; OpeningHoursSpecification; PostalAddress; Question; Service; ServiceChannel; UnitPriceSpecification; WebPage; WebSite; ['Organization', 'LocalBusiness', 'HomeAndConstructionBusiness']",0,unreachable,47929,653,P1: нет входящих HTML-ссылок с других страниц sitemap
https://sk-rosa.ru/moskva/bezvozdushnaya-pokraska-kvartir,200,https://sk-rosa.ru/moskva/bezvozdushnaya-pokraska-kvartir,Безвоздушная покраска квартиры в Москве | ROSA,46,"Безвоздушная покраска квартиры в Москве: стены и потолки после шпаклёвки, укрытие пола, окон и мебели, подбор краски, договор и акт.",132,Безвоздушная покраска квартиры в Москве,"index, follow, max-image-preview:large, max-snippet:-1, max-video-preview:-1","AdministrativeArea; Answer; BreadcrumbList; City; ContactPoint; FAQPage; GeoCoordinates; ImageObject; ListItem; Offer; OpeningHoursSpecification; PostalAddress; Question; Service; ServiceChannel; UnitPriceSpecification; WebPage; WebSite; ['Organization', 'LocalBusiness', 'HomeAndConstructionBusiness']",0,unreachable,48834,745,P1: нет входящих HTML-ссылок с других страниц sitemap
https://sk-rosa.ru/moskva/bezvozdushnaya-pokraska-fasada,200,https://sk-rosa.ru/moskva/bezvozdushnaya-pokraska-fasada,Безвоздушная покраска фасада в Москве от 350 ₽/м² | ROSA,56,"Безвоздушная покраска фасада в Москве и Московской области: частные дома, коммерческие здания, склады и технические фасады. Осмотр основания, укрытие, смета, договор и акт.",172,Безвоздушная покраска фасада в Москве,"index, follow, max-image-preview:large, max-snippet:-1, max-video-preview:-1","AdministrativeArea; Answer; BreadcrumbList; City; ContactPoint; FAQPage; GeoCoordinates; ImageObject; ListItem; Offer; OpeningHoursSpecification; PostalAddress; Question; Service; ServiceChannel; UnitPriceSpecification; WebPage; WebSite; ['Organization', 'LocalBusiness', 'HomeAndConstructionBusiness']",0,unreachable,50021,696,P1: нет входящих HTML-ссылок с других страниц sitemap
https://sk-rosa.ru/moskva/promyshlennaya-bezvozdushnaya-pokraska,200,https://sk-rosa.ru/moskva/promyshlennaya-bezvozdushnaya-pokraska,Промышленная безвоздушная покраска в Москве | ROSA,50,"Промышленная безвоздушная покраска в Москве: склады, цеха, ангары, коммерческие помещения и большие площади. Смета, график работ, договор и акт.",144,Промышленная безвоздушная покраска в Москве,"index, follow, max-image-preview:large, max-snippet:-1, max-video-preview:-1","AdministrativeArea; Answer; BreadcrumbList; City; ContactPoint; FAQPage; GeoCoordinates; ImageObject; ListItem; Offer; OpeningHoursSpecification; PostalAddress; Question; Service; ServiceChannel; UnitPriceSpecification; WebPage; WebSite; ['Organization', 'LocalBusiness', 'HomeAndConstructionBusiness']",0,unreachable,50043,669,P1: нет входящих HTML-ссылок с других страниц sitemap
https://sk-rosa.ru/floor-screed,200,https://sk-rosa.ru/floor-screed,Стяжка пола в Москве от 900 ₽/м² | ROSA,39,"Полусухая и цементная стяжка пола в Москве и МО под плитку, ламинат, паркет и тёплый пол. От 900 ₽/м², замер, договор и акт. ☎ 8(985) 135-49-91",143,Механизированная стяжка пола в Москве,"index, follow, max-image-preview:large, max-snippet:-1, max-video-preview:-1","AdministrativeArea; Answer; BreadcrumbList; City; ContactPoint; FAQPage; GeoCoordinates; ImageObject; ListItem; Offer; OpeningHoursSpecification; PostalAddress; Question; Service; ServiceChannel; UnitPriceSpecification; WebPage; WebSite; ['Organization', 'LocalBusiness', 'HomeAndConstructionBusiness']",388,1,89903,1159,
https://sk-rosa.ru/soft-roofing,200,https://sk-rosa.ru/soft-roofing,Монтаж мягкой кровли в Москве и МО от 350 ₽/м² | ROSA,53,"Монтаж и ремонт мягкой кровли в Москве и МО: гибкая черепица, ПВХ-мембрана, наплавляемая кровля. От 350 ₽/м², смета, договор и акт. ☎ 8(985) 135-49-91",150,Монтаж мягкой кровли в Москве и МО под ключ,"index, follow, max-image-preview:large, max-snippet:-1, max-video-preview:-1","AdministrativeArea; Answer; BreadcrumbList; City; ContactPoint; FAQPage; GeoCoordinates; ImageObject; ListItem; Offer; OpeningHoursSpecification; PostalAddress; Question; Service; ServiceChannel; UnitPriceSpecification; WebPage; WebSite; ['Organization', 'LocalBusiness', 'HomeAndConstructionBusiness']",388,1,94273,1269,
https://sk-rosa.ru/biozashchita,200,https://sk-rosa.ru/biozashchita,Огнебиозащита конструкций в Москве и МО | ROSA,46,"Огнезащитная и биозащитная обработка деревянных и металлических конструкций в Москве и МО. Стропила, чердаки, склады, цеха. Бесплатный выезд и смета.",149,Огнебиозащита конструкций в Москве и МО,"index, follow, max-image-preview:large, max-snippet:-1, max-video-preview:-1","AdministrativeArea; Answer; BreadcrumbList; City; ContactPoint; FAQPage; GeoCoordinates; ImageObject; ListItem; Offer; OpeningHoursSpecification; PostalAddress; Question; Service; ServiceChannel; UnitPriceSpecification; WebPage; WebSite; ['Organization', 'LocalBusiness', 'HomeAndConstructionBusiness']",388,1,97610,1134,
https://sk-rosa.ru/fire-protection,200,https://sk-rosa.ru/fire-protection,Огнезащита конструкций в Москве и МО | ROSA,43,"Огнезащита строительных конструкций в Москве и Московской области. Металлоконструкции, воздуховоды, дымоудаление, деревянные элементы и документация.",149,Огнезащита конструкций в Москве и Московской области,"index, follow, max-image-preview:large, max-snippet:-1, max-video-preview:-1","AdministrativeArea; Answer; BreadcrumbList; City; ContactPoint; FAQPage; GeoCoordinates; ImageObject; ListItem; Offer; OpeningHoursSpecification; PostalAddress; Question; Service; ServiceChannel; UnitPriceSpecification; WebPage; WebSite; ['Organization', 'LocalBusiness', 'HomeAndConstructionBusiness']",388,1,57709,744,
https://sk-rosa.ru/kompleksnaya-ognezashchita,200,https://sk-rosa.ru/kompleksnaya-ognezashchita,Комплексная и промышленная огнезащита зданий | ROSA,51,"Комплексная и промышленная огнезащита зданий в Москве и Московской области: металлоконструкции, воздуховоды, дымоудаление, деревянные элементы и документация.",158,Комплексная и промышленная огнезащита зданий,"index, follow, max-image-preview:large, max-snippet:-1, max-video-preview:-1","AdministrativeArea; Answer; BreadcrumbList; City; ContactPoint; FAQPage; GeoCoordinates; ImageObject; ListItem; Offer; OpeningHoursSpecification; PostalAddress; Question; Service; ServiceChannel; UnitPriceSpecification; WebPage; WebSite; ['Organization', 'LocalBusiness', 'HomeAndConstructionBusiness']",388,1,58473,764,
https://sk-rosa.ru/ognezashchita-derevyannyh-konstruktsiy,200,https://sk-rosa.ru/ognezashchita-derevyannyh-konstruktsiy,Огнезащита деревянных конструкций в Москве и МО | ROSA,54,"Огнезащита деревянных конструкций в Москве и Московской области. Обработка стропил, чердаков, перекрытий, каркасных и несущих элементов.",136,Огнезащита деревянных конструкций в Москве и МО,"index, follow, max-image-preview:large, max-snippet:-1, max-video-preview:-1","AdministrativeArea; Answer; BreadcrumbList; City; ContactPoint; FAQPage; GeoCoordinates; ImageObject; ListItem; Offer; OpeningHoursSpecification; PostalAddress; Question; Service; ServiceChannel; UnitPriceSpecification; WebPage; WebSite; ['Organization', 'LocalBusiness', 'HomeAndConstructionBusiness']",388,1,58049,732,
https://sk-rosa.ru/ognezashchita-vozduhovodov,200,https://sk-rosa.ru/ognezashchita-vozduhovodov,Огнезащита воздуховодов в Москве и МО | ROSA,44,"Огнезащита воздуховодов вентиляции и систем дымоудаления в Москве и Московской области. Расчёт, монтаж огнезащитных материалов и исполнительная документация.",157,Огнезащита воздуховодов в Москве и Московской области,"index, follow, max-image-preview:large, max-snippet:-1, max-video-preview:-1","AdministrativeArea; Answer; BreadcrumbList; City; ContactPoint; FAQPage; GeoCoordinates; ImageObject; ListItem; Offer; OpeningHoursSpecification; PostalAddress; Question; Service; ServiceChannel; UnitPriceSpecification; WebPage; WebSite; ['Organization', 'LocalBusiness', 'HomeAndConstructionBusiness']",388,1,57652,779,
https://sk-rosa.ru/ognezashchita-metallokonstruktsiy,200,https://sk-rosa.ru/ognezashchita-metallokonstruktsiy,Огнезащита металлоконструкций в Москве и МО | ROSA,50,"Огнезащита металлоконструкций в Москве и Московской области. Балки, колонны, фермы, лестницы и несущие элементы: расчёт, нанесение и документы.",143,Огнезащита металлоконструкций в Москве и Московской области,"index, follow, max-image-preview:large, max-snippet:-1, max-video-preview:-1","AdministrativeArea; Answer; BreadcrumbList; City; ContactPoint; FAQPage; GeoCoordinates; ImageObject; ListItem; Offer; OpeningHoursSpecification; PostalAddress; Question; Service; ServiceChannel; UnitPriceSpecification; WebPage; WebSite; ['Organization', 'LocalBusiness', 'HomeAndConstructionBusiness']",388,1,58635,792,
https://sk-rosa.ru/arenda-stroitelnogo-oborudovaniya,200,https://sk-rosa.ru/arenda-stroitelnogo-oborudovaniya,"Аренда оборудования — Москва, Долгопрудный | ROSA",49,"Аренда строительного оборудования в Москве и Долгопрудном. Самовывоз или доставка по Москве и Московской области, посуточные тарифы, договор и акт.",147,Аренда строительного оборудования в Москве и Долгопрудном,"index, follow, max-image-preview:large, max-snippet:-1, max-video-preview:-1","AdministrativeArea; AggregateOffer; Answer; BreadcrumbList; City; ContactPoint; FAQPage; GeoCoordinates; ImageObject; ItemList; ListItem; OpeningHoursSpecification; PostalAddress; Question; Service; ServiceChannel; WebPage; WebSite; ['ItemList', 'OfferCatalog']; ['Organization', 'LocalBusiness', 'HomeAndConstructionBusiness']",388,1,58271,785,
https://sk-rosa.ru/arenda-instrumenta,200,https://sk-rosa.ru/arenda-instrumenta,Аренда инструмента в Москве и Долгопрудном | ROSA,49,"Аренда инструмента в Москве и Долгопрудном: 28 категорий, 260 позиций, ориентиры цен от 190 ₽/сутки. Самовывоз или доставка.",124,Аренда инструмента в Москве и Долгопрудном,"index, follow, max-image-preview:large, max-snippet:-1, max-video-preview:-1","AdministrativeArea; Answer; BreadcrumbList; City; ContactPoint; FAQPage; GeoCoordinates; ImageObject; ItemList; ListItem; OpeningHoursSpecification; PostalAddress; Question; Service; ServiceChannel; WebPage; WebSite; ['Organization', 'LocalBusiness', 'HomeAndConstructionBusiness']",29,2,74896,1222,
https://sk-rosa.ru/arenda-stroitelnoy-tekhniki,200,https://sk-rosa.ru/arenda-stroitelnoy-tekhniki,Аренда строительной техники в Москве и Долгопрудном | ROSA,58,"Аренда строительной техники в Москве и Долгопрудном: 18 категорий, 123 позиции, ориентиры цен от 190 ₽/сутки. Самовывоз или доставка.",133,Аренда строительной техники в Москве и Долгопрудном,"index, follow, max-image-preview:large, max-snippet:-1, max-video-preview:-1","AdministrativeArea; Answer; BreadcrumbList; City; ContactPoint; FAQPage; GeoCoordinates; ImageObject; ItemList; ListItem; OpeningHoursSpecification; PostalAddress; Question; Service; ServiceChannel; WebPage; WebSite; ['Organization', 'LocalBusiness', 'HomeAndConstructionBusiness']",19,2,62758,907,
https://sk-rosa.ru/arenda-oborudovaniya/bolgarki-ushm,200,https://sk-rosa.ru/arenda-oborudovaniya/bolgarki-ushm,"Аренда болгарок (УШМ) — Москва, Долгопрудный | ROSA",51,"Для резки, зачистки и шлифования металла, камня или бетона. Аренда в Москве и Долгопрудном — от 190 ₽/сутки.",108,Аренда болгарок (УШМ) в Москве и Долгопрудном,"index, follow, max-image-preview:large, max-snippet:-1, max-video-preview:-1","AdministrativeArea; Answer; BreadcrumbList; City; ContactPoint; FAQPage; GeoCoordinates; ImageObject; ItemList; ListItem; OpeningHoursSpecification; PostalAddress; Question; Service; ServiceChannel; WebPage; WebSite; ['Organization', 'LocalBusiness', 'HomeAndConstructionBusiness']",1,3,56336,774,
https://sk-rosa.ru/arenda-oborudovaniya/gajkoverty,200,https://sk-rosa.ru/arenda-oborudovaniya/gajkoverty,"Аренда гайковертов — Москва, Долгопрудный | ROSA",48,"Для сборки и разборки резьбовых соединений в ремонте, монтаже и автосервисе. Аренда в Москве и Долгопрудном — от 390 ₽/сутки.",125,Аренда гайковертов в Москве и Долгопрудном,"index, follow, max-image-preview:large, max-snippet:-1, max-video-preview:-1","AdministrativeArea; Answer; BreadcrumbList; City; ContactPoint; FAQPage; GeoCoordinates; ImageObject; ItemList; ListItem; OpeningHoursSpecification; PostalAddress; Question; Service; ServiceChannel; WebPage; WebSite; ['Organization', 'LocalBusiness', 'HomeAndConstructionBusiness']",1,3,50070,573,
https://sk-rosa.ru/arenda-oborudovaniya/dozatory-dlya-him-ankerov,200,https://sk-rosa.ru/arenda-oborudovaniya/dozatory-dlya-him-ankerov,"Аренда дозаторов химанкера — Москва, Долгопрудный | ROSA",56,Для точной подачи химического состава при установке анкеров в бетон и кирпич. Аренда в Москве и Долгопрудном — от 790 ₽/сутки.,126,Аренда дозаторов химанкера в Москве и Долгопрудном,"index, follow, max-image-preview:large, max-snippet:-1, max-video-preview:-1","AdministrativeArea; Answer; BreadcrumbList; City; ContactPoint; FAQPage; GeoCoordinates; ImageObject; ItemList; ListItem; OpeningHoursSpecification; PostalAddress; Question; Service; ServiceChannel; WebPage; WebSite; ['Organization', 'LocalBusiness', 'HomeAndConstructionBusiness']",1,3,43769,444,
https://sk-rosa.ru/arenda-oborudovaniya/dreli-i-shurupoverty,200,https://sk-rosa.ru/arenda-oborudovaniya/dreli-i-shurupoverty,"Аренда дрелей и шуруповёртов — Москва, Долгопрудный | ROSA",58,"Для сверления дерева и металла, сборки конструкций и работы с крепежом. Аренда в Москве и Долгопрудном — от 190 ₽/сутки.",120,Аренда дрелей и шуруповёртов в Москве и Долгопрудном,"index, follow, max-image-preview:large, max-snippet:-1, max-video-preview:-1","AdministrativeArea; Answer; BreadcrumbList; City; ContactPoint; FAQPage; GeoCoordinates; ImageObject; ItemList; ListItem; OpeningHoursSpecification; PostalAddress; Question; Service; ServiceChannel; WebPage; WebSite; ['Organization', 'LocalBusiness', 'HomeAndConstructionBusiness']",1,3,54401,701,
https://sk-rosa.ru/arenda-oborudovaniya/zaklepochniki,200,https://sk-rosa.ru/arenda-oborudovaniya/zaklepochniki,"Аренда заклёпочников — Москва, Долгопрудный | ROSA",50,"Для соединения листового металла, профиля и других тонкостенных деталей. Аренда в Москве и Долгопрудном — от 390 ₽/сутки.",121,Аренда заклёпочников в Москве и Долгопрудном,"index, follow, max-image-preview:large, max-snippet:-1, max-video-preview:-1","AdministrativeArea; Answer; BreadcrumbList; City; ContactPoint; FAQPage; GeoCoordinates; ImageObject; ItemList; ListItem; OpeningHoursSpecification; PostalAddress; Question; Service; ServiceChannel; WebPage; WebSite; ['Organization', 'LocalBusiness', 'HomeAndConstructionBusiness']",1,3,48563,532,
https://sk-rosa.ru/arenda-oborudovaniya/izmeritelnyj-instrument,200,https://sk-rosa.ru/arenda-oborudovaniya/izmeritelnyj-instrument,"Аренда измерительного инструмента — Москва, Долгопрудный | ROSA",63,"Для разметки, контроля уровня, расстояний и геометрии при монтаже и отделке. Аренда в Москве и Долгопрудном — от 190 ₽/сутки.",125,Аренда измерительного инструмента в Москве и Долгопрудном,"index, follow, max-image-preview:large, max-snippet:-1, max-video-preview:-1","AdministrativeArea; Answer; BreadcrumbList; City; ContactPoint; FAQPage; GeoCoordinates; ImageObject; ItemList; ListItem; OpeningHoursSpecification; PostalAddress; Question; Service; ServiceChannel; WebPage; WebSite; ['Organization', 'LocalBusiness', 'HomeAndConstructionBusiness']",1,3,64816,969,
https://sk-rosa.ru/arenda-oborudovaniya/kluppy-elektricheskie-rezbonareznye,200,https://sk-rosa.ru/arenda-oborudovaniya/kluppy-elektricheskie-rezbonareznye,"Аренда электрических клуппов — Москва, Долгопрудный | ROSA",58,Для быстрой нарезки наружной резьбы на стальных трубах при монтаже коммуникаций. Аренда в Москве и Долгопрудном — от 1 090 ₽/сутки.,131,Аренда электрических клуппов в Москве и Долгопрудном,"index, follow, max-image-preview:large, max-snippet:-1, max-video-preview:-1","AdministrativeArea; Answer; BreadcrumbList; City; ContactPoint; FAQPage; GeoCoordinates; ImageObject; ItemList; ListItem; OpeningHoursSpecification; PostalAddress; Question; Service; ServiceChannel; WebPage; WebSite; ['Organization', 'LocalBusiness', 'HomeAndConstructionBusiness']",1,3,43751,413,
https://sk-rosa.ru/arenda-oborudovaniya/kraskopulty,200,https://sk-rosa.ru/arenda-oborudovaniya/kraskopulty,"Аренда краскопультов — Москва, Долгопрудный | ROSA",50,"Для равномерного нанесения краски и других покрытий на стены, потолки, фасады и детали. Аренда в Москве и Долгопрудном — от 390 ₽/сутки.",136,Аренда краскопультов в Москве и Долгопрудном,"index, follow, max-image-preview:large, max-snippet:-1, max-video-preview:-1","AdministrativeArea; Answer; BreadcrumbList; City; ContactPoint; FAQPage; GeoCoordinates; ImageObject; ItemList; ListItem; OpeningHoursSpecification; PostalAddress; Question; Service; ServiceChannel; WebPage; WebSite; ['Organization', 'LocalBusiness', 'HomeAndConstructionBusiness']",1,3,69942,1074,
https://sk-rosa.ru/arenda-oborudovaniya/lobzikovye-pily,200,https://sk-rosa.ru/arenda-oborudovaniya/lobzikovye-pily,"Аренда электролобзиков — Москва, Долгопрудный | ROSA",52,"Для прямого и фигурного распила дерева, ламината, пластика или металла. Аренда в Москве и Долгопрудном — от 290 ₽/сутки.",120,Аренда электролобзиков в Москве и Долгопрудном,"index, follow, max-image-preview:large, max-snippet:-1, max-video-preview:-1","AdministrativeArea; Answer; BreadcrumbList; City; ContactPoint; FAQPage; GeoCoordinates; ImageObject; ItemList; ListItem; OpeningHoursSpecification; PostalAddress; Question; Service; ServiceChannel; WebPage; WebSite; ['Organization', 'LocalBusiness', 'HomeAndConstructionBusiness']",1,3,47980,550,
https://sk-rosa.ru/arenda-oborudovaniya/miksery,200,https://sk-rosa.ru/arenda-oborudovaniya/miksery,"Аренда строительных миксеров — Москва, Долгопрудный | ROSA",58,"Для замешивания штукатурки, клея, шпаклёвки, растворов и красок. Аренда в Москве и Долгопрудном — от 390 ₽/сутки.",113,Аренда строительных миксеров в Москве и Долгопрудном,"index, follow, max-image-preview:large, max-snippet:-1, max-video-preview:-1","AdministrativeArea; Answer; BreadcrumbList; City; ContactPoint; FAQPage; GeoCoordinates; ImageObject; ItemList; ListItem; OpeningHoursSpecification; PostalAddress; Question; Service; ServiceChannel; WebPage; WebSite; ['Organization', 'LocalBusiness', 'HomeAndConstructionBusiness']",1,3,44740,458,
https://sk-rosa.ru/arenda-oborudovaniya/montazhnye-pistolety,200,https://sk-rosa.ru/arenda-oborudovaniya/montazhnye-pistolety,"Аренда монтажных пистолетов — Москва, Долгопрудный | ROSA",57,"Для быстрого крепления элементов к бетону, кирпичу или стали при строительстве и отделке. Аренда в Москве и Долгопрудном — от 990 ₽/сутки.",138,Аренда монтажных пистолетов в Москве и Долгопрудном,"index, follow, max-image-preview:large, max-snippet:-1, max-video-preview:-1","AdministrativeArea; Answer; BreadcrumbList; City; ContactPoint; FAQPage; GeoCoordinates; ImageObject; ItemList; ListItem; OpeningHoursSpecification; PostalAddress; Question; Service; ServiceChannel; WebPage; WebSite; ['Organization', 'LocalBusiness', 'HomeAndConstructionBusiness']",1,3,61679,872,
https://sk-rosa.ru/arenda-oborudovaniya/montazhnyj-instrument-dlya-trub,200,https://sk-rosa.ru/arenda-oborudovaniya/montazhnyj-instrument-dlya-trub,"Аренда инструмента для монтажа труб — Москва, Долгопрудный | ROSA",65,"Для монтажа, соединения и обслуживания труб в системах водоснабжения и отопления. Аренда в Москве и Долгопрудном — от 590 ₽/сутки.",130,Аренда инструмента для монтажа труб в Москве и Долгопрудном,"index, follow, max-image-preview:large, max-snippet:-1, max-video-preview:-1","AdministrativeArea; Answer; BreadcrumbList; City; ContactPoint; FAQPage; GeoCoordinates; ImageObject; ItemList; ListItem; OpeningHoursSpecification; PostalAddress; Question; Service; ServiceChannel; WebPage; WebSite; ['Organization', 'LocalBusiness', 'HomeAndConstructionBusiness']",1,3,53520,653,
https://sk-rosa.ru/arenda-oborudovaniya/nozhnicy-po-metallu,200,https://sk-rosa.ru/arenda-oborudovaniya/nozhnicy-po-metallu,"Аренда ножниц по металлу — Москва, Долгопрудный | ROSA",54,Для прямого и фигурного раскроя листового металла и профиля без абразивной резки. Аренда в Москве и Долгопрудном — от 990 ₽/сутки.,130,Аренда ножниц по металлу в Москве и Долгопрудном,"index, follow, max-image-preview:large, max-snippet:-1, max-video-preview:-1","AdministrativeArea; Answer; BreadcrumbList; City; ContactPoint; FAQPage; GeoCoordinates; ImageObject; ItemList; ListItem; OpeningHoursSpecification; PostalAddress; Question; Service; ServiceChannel; WebPage; WebSite; ['Organization', 'LocalBusiness', 'HomeAndConstructionBusiness']",1,3,41406,374,
https://sk-rosa.ru/arenda-oborudovaniya/opressovochnye-nasosy,200,https://sk-rosa.ru/arenda-oborudovaniya/opressovochnye-nasosy,"Аренда опрессовочных насосов — Москва, Долгопрудный | ROSA",58,"Для проверки герметичности трубопроводов, отопления и водоснабжения давлением. Аренда в Москве и Долгопрудном — от 590 ₽/сутки.",127,Аренда опрессовочных насосов в Москве и Долгопрудном,"index, follow, max-image-preview:large, max-snippet:-1, max-video-preview:-1","AdministrativeArea; Answer; BreadcrumbList; City; ContactPoint; FAQPage; GeoCoordinates; ImageObject; ItemList; ListItem; OpeningHoursSpecification; PostalAddress; Question; Service; ServiceChannel; WebPage; WebSite; ['Organization', 'LocalBusiness', 'HomeAndConstructionBusiness']",1,3,45575,462,
https://sk-rosa.ru/arenda-oborudovaniya/payalnik-dlya-svarki-polipropilenovyh-trub,200,https://sk-rosa.ru/arenda-oborudovaniya/payalnik-dlya-svarki-polipropilenovyh-trub,"Аренда паяльников для полипропилена — Москва, Долгопрудный | ROSA",65,Для сварки полипропиленовых труб при монтаже водоснабжения и отопления. Аренда в Москве и Долгопрудном — от 390 ₽/сутки.,120,Аренда паяльников для полипропилена в Москве и Долгопрудном,"index, follow, max-image-preview:large, max-snippet:-1, max-video-preview:-1","AdministrativeArea; Answer; BreadcrumbList; City; ContactPoint; FAQPage; GeoCoordinates; ImageObject; ItemList; ListItem; OpeningHoursSpecification; PostalAddress; Question; Service; ServiceChannel; WebPage; WebSite; ['Organization', 'LocalBusiness', 'HomeAndConstructionBusiness']",1,3,46238,485,
https://sk-rosa.ru/arenda-oborudovaniya/perforatory,200,https://sk-rosa.ru/arenda-oborudovaniya/perforatory,"Аренда перфораторов — Москва, Долгопрудный | ROSA",49,"Для сверления отверстий и долбления бетона, кирпича и камня при монтаже и демонтаже. Аренда в Москве и Долгопрудном — от 390 ₽/сутки.",133,Аренда перфораторов в Москве и Долгопрудном,"index, follow, max-image-preview:large, max-snippet:-1, max-video-preview:-1","AdministrativeArea; Answer; BreadcrumbList; City; ContactPoint; FAQPage; GeoCoordinates; ImageObject; ItemList; ListItem; OpeningHoursSpecification; PostalAddress; Question; Service; ServiceChannel; WebPage; WebSite; ['Organization', 'LocalBusiness', 'HomeAndConstructionBusiness']",1,3,76093,1386,
https://sk-rosa.ru/arenda-oborudovaniya/promyshlennye-feny,200,https://sk-rosa.ru/arenda-oborudovaniya/promyshlennye-feny,"Аренда промышленных фенов — Москва, Долгопрудный | ROSA",55,"Для нагрева, снятия покрытий, усадки материалов и формования пластика. Аренда в Москве и Долгопрудном — от 290 ₽/сутки.",119,Аренда промышленных фенов в Москве и Долгопрудном,"index, follow, max-image-preview:large, max-snippet:-1, max-video-preview:-1","AdministrativeArea; Answer; BreadcrumbList; City; ContactPoint; FAQPage; GeoCoordinates; ImageObject; ItemList; ListItem; OpeningHoursSpecification; PostalAddress; Question; Service; ServiceChannel; WebPage; WebSite; ['Organization', 'LocalBusiness', 'HomeAndConstructionBusiness']",1,3,48068,530,
https://sk-rosa.ru/arenda-oborudovaniya/rejsmusy,200,https://sk-rosa.ru/arenda-oborudovaniya/rejsmusy,"Аренда рейсмусов — Москва, Долгопрудный | ROSA",46,Для калибровки досок и заготовок из древесины по заданной толщине. Аренда в Москве и Долгопрудном — от 2 090 ₽/сутки.,117,Аренда рейсмусов в Москве и Долгопрудном,"index, follow, max-image-preview:large, max-snippet:-1, max-video-preview:-1","AdministrativeArea; Answer; BreadcrumbList; City; ContactPoint; FAQPage; GeoCoordinates; ImageObject; ItemList; ListItem; OpeningHoursSpecification; PostalAddress; Question; Service; ServiceChannel; WebPage; WebSite; ['Organization', 'LocalBusiness', 'HomeAndConstructionBusiness']",1,3,41661,389,
https://sk-rosa.ru/arenda-oborudovaniya/renovatory-mfu,200,https://sk-rosa.ru/arenda-oborudovaniya/renovatory-mfu,"Аренда реноваторов (МФУ) — Москва, Долгопрудный | ROSA",54,"Для точного реза, зачистки и шлифования дерева, металла или пластика в труднодоступных местах. Аренда в Москве и Долгопрудном — от 390 ₽/сутки.",143,Аренда реноваторов (МФУ) в Москве и Долгопрудном,"index, follow, max-image-preview:large, max-snippet:-1, max-video-preview:-1","AdministrativeArea; Answer; BreadcrumbList; City; ContactPoint; FAQPage; GeoCoordinates; ImageObject; ItemList; ListItem; OpeningHoursSpecification; PostalAddress; Question; Service; ServiceChannel; WebPage; WebSite; ['Organization', 'LocalBusiness', 'HomeAndConstructionBusiness']",1,3,43623,420,
https://sk-rosa.ru/arenda-oborudovaniya/rubanki,200,https://sk-rosa.ru/arenda-oborudovaniya/rubanki,"Аренда рубанков — Москва, Долгопрудный | ROSA",45,"Для строгания, выравнивания и выборки четверти в досках и брусе. Аренда в Москве и Долгопрудном — от 690 ₽/сутки.",113,Аренда рубанков в Москве и Долгопрудном,"index, follow, max-image-preview:large, max-snippet:-1, max-video-preview:-1","AdministrativeArea; Answer; BreadcrumbList; City; ContactPoint; FAQPage; GeoCoordinates; ImageObject; ItemList; ListItem; OpeningHoursSpecification; PostalAddress; Question; Service; ServiceChannel; WebPage; WebSite; ['Organization', 'LocalBusiness', 'HomeAndConstructionBusiness']",1,3,46636,519,
https://sk-rosa.ru/arenda-oborudovaniya/sabelnye-pily,200,https://sk-rosa.ru/arenda-oborudovaniya/sabelnye-pily,"Аренда сабельных пил — Москва, Долгопрудный | ROSA",50,"Для демонтажного и монтажного распила дерева, металла, пластика и труб. Аренда в Москве и Долгопрудном — от 690 ₽/сутки.",120,Аренда сабельных пил в Москве и Долгопрудном,"index, follow, max-image-preview:large, max-snippet:-1, max-video-preview:-1","AdministrativeArea; Answer; BreadcrumbList; City; ContactPoint; FAQPage; GeoCoordinates; ImageObject; ItemList; ListItem; OpeningHoursSpecification; PostalAddress; Question; Service; ServiceChannel; WebPage; WebSite; ['Organization', 'LocalBusiness', 'HomeAndConstructionBusiness']",1,3,46609,519,
https://sk-rosa.ru/arenda-oborudovaniya/torcovochnye-pily,200,https://sk-rosa.ru/arenda-oborudovaniya/torcovochnye-pily,"Аренда торцовочных пил — Москва, Долгопрудный | ROSA",52,"Для точного поперечного и углового распила доски, бруса, ламината или профиля. Аренда в Москве и Долгопрудном — от 590 ₽/сутки.",127,Аренда торцовочных пил в Москве и Долгопрудном,"index, follow, max-image-preview:large, max-snippet:-1, max-video-preview:-1","AdministrativeArea; Answer; BreadcrumbList; City; ContactPoint; FAQPage; GeoCoordinates; ImageObject; ItemList; ListItem; OpeningHoursSpecification; PostalAddress; Question; Service; ServiceChannel; WebPage; WebSite; ['Organization', 'LocalBusiness', 'HomeAndConstructionBusiness']",1,3,52361,667,
https://sk-rosa.ru/arenda-oborudovaniya/frezery,200,https://sk-rosa.ru/arenda-oborudovaniya/frezery,"Аренда фрезеров — Москва, Долгопрудный | ROSA",45,"Для выборки пазов, обработки кромок и создания профиля в древесине и плитных материалах. Аренда в Москве и Долгопрудном — от 590 ₽/сутки.",137,Аренда фрезеров в Москве и Долгопрудном,"index, follow, max-image-preview:large, max-snippet:-1, max-video-preview:-1","AdministrativeArea; Answer; BreadcrumbList; City; ContactPoint; FAQPage; GeoCoordinates; ImageObject; ItemList; ListItem; OpeningHoursSpecification; PostalAddress; Question; Service; ServiceChannel; WebPage; WebSite; ['Organization', 'LocalBusiness', 'HomeAndConstructionBusiness']",1,3,48444,556,
https://sk-rosa.ru/arenda-oborudovaniya/cirkulyarnye-pily,200,https://sk-rosa.ru/arenda-oborudovaniya/cirkulyarnye-pily,"Аренда циркулярных пил — Москва, Долгопрудный | ROSA",52,"Для продольного и поперечного распила досок, фанеры и плитных материалов. Аренда в Москве и Долгопрудном — от 390 ₽/сутки.",122,Аренда циркулярных пил в Москве и Долгопрудном,"index, follow, max-image-preview:large, max-snippet:-1, max-video-preview:-1","AdministrativeArea; Answer; BreadcrumbList; City; ContactPoint; FAQPage; GeoCoordinates; ImageObject; ItemList; ListItem; OpeningHoursSpecification; PostalAddress; Question; Service; ServiceChannel; WebPage; WebSite; ['Organization', 'LocalBusiness', 'HomeAndConstructionBusiness']",1,3,58543,824,
https://sk-rosa.ru/arenda-oborudovaniya/shlifovalnye-mashiny,200,https://sk-rosa.ru/arenda-oborudovaniya/shlifovalnye-mashiny,"Аренда шлифовальных машин — Москва, Долгопрудный | ROSA",55,"Для зачистки, выравнивания и финишной обработки дерева, металла, стен и других поверхностей. Аренда в Москве и Долгопрудном — от 190 ₽/сутки.",141,Аренда шлифовальных машин в Москве и Долгопрудном,"index, follow, max-image-preview:large, max-snippet:-1, max-video-preview:-1","AdministrativeArea; Answer; BreadcrumbList; City; ContactPoint; FAQPage; GeoCoordinates; ImageObject; ItemList; ListItem; OpeningHoursSpecification; PostalAddress; Question; Service; ServiceChannel; WebPage; WebSite; ['Organization', 'LocalBusiness', 'HomeAndConstructionBusiness']",1,3,67825,1020,
https://sk-rosa.ru/arenda-oborudovaniya/shpilkozabivateli-i-skobozabivateli,200,https://sk-rosa.ru/arenda-oborudovaniya/shpilkozabivateli-i-skobozabivateli,"Аренда шпилько- и скобозабивателей — Москва, Долгопрудный | ROSA",64,"Для крепления обшивки, панелей, ткани и тонких деталей к деревянному основанию. Аренда в Москве и Долгопрудном — от 190 ₽/сутки.",128,Аренда шпилько- и скобозабивателей в Москве и Долгопрудном,"index, follow, max-image-preview:large, max-snippet:-1, max-video-preview:-1","AdministrativeArea; Answer; BreadcrumbList; City; ContactPoint; FAQPage; GeoCoordinates; ImageObject; ItemList; ListItem; OpeningHoursSpecification; PostalAddress; Question; Service; ServiceChannel; WebPage; WebSite; ['Organization', 'LocalBusiness', 'HomeAndConstructionBusiness']",1,3,49617,546,
https://sk-rosa.ru/arenda-oborudovaniya/shtroborezy,200,https://sk-rosa.ru/arenda-oborudovaniya/shtroborezy,"Аренда штроборезов — Москва, Долгопрудный | ROSA",48,"Для устройства каналов под кабель и трубы в бетонных, кирпичных и блочных стенах. Аренда в Москве и Долгопрудном — от 590 ₽/сутки.",130,Аренда штроборезов в Москве и Долгопрудном,"index, follow, max-image-preview:large, max-snippet:-1, max-video-preview:-1","AdministrativeArea; Answer; BreadcrumbList; City; ContactPoint; FAQPage; GeoCoordinates; ImageObject; ItemList; ListItem; OpeningHoursSpecification; PostalAddress; Question; Service; ServiceChannel; WebPage; WebSite; ['Organization', 'LocalBusiness', 'HomeAndConstructionBusiness']",1,3,76701,1372,
https://sk-rosa.ru/arenda-oborudovaniya/elektricheskie-otbojnye-molotki,200,https://sk-rosa.ru/arenda-oborudovaniya/elektricheskie-otbojnye-molotki,"Аренда отбойных молотков — Москва, Долгопрудный | ROSA",54,"Для демонтажа бетона, кирпичной кладки, стяжки и твёрдых покрытий. Аренда в Москве и Долгопрудном — от 790 ₽/сутки.",115,Аренда отбойных молотков в Москве и Долгопрудном,"index, follow, max-image-preview:large, max-snippet:-1, max-video-preview:-1","AdministrativeArea; Answer; BreadcrumbList; City; ContactPoint; FAQPage; GeoCoordinates; ImageObject; ItemList; ListItem; OpeningHoursSpecification; PostalAddress; Question; Service; ServiceChannel; WebPage; WebSite; ['Organization', 'LocalBusiness', 'HomeAndConstructionBusiness']",1,3,66583,1116,
https://sk-rosa.ru/arenda-oborudovaniya/almaznoe-burenie,200,https://sk-rosa.ru/arenda-oborudovaniya/almaznoe-burenie,"Аренда установок алмазного бурения — Москва, Долгопрудный | ROSA",64,"Для точного сверления отверстий в бетоне, железобетоне и кирпиче под инженерные сети. Аренда в Москве и Долгопрудном — от 690 ₽/сутки.",134,Аренда установок алмазного бурения в Москве и Долгопрудном,"index, follow, max-image-preview:large, max-snippet:-1, max-video-preview:-1","AdministrativeArea; Answer; BreadcrumbList; City; ContactPoint; FAQPage; GeoCoordinates; ImageObject; ItemList; ListItem; OpeningHoursSpecification; PostalAddress; Question; Service; ServiceChannel; WebPage; WebSite; ['Organization', 'LocalBusiness', 'HomeAndConstructionBusiness']",1,3,53590,670,
https://sk-rosa.ru/arenda-oborudovaniya/benzorezy-i-betonorezy,200,https://sk-rosa.ru/arenda-oborudovaniya/benzorezy-i-betonorezy,"Аренда бензорезов и бетонорезов — Москва, Долгопрудный | ROSA",61,"Для резки бетона, асфальта, камня и других твёрдых оснований при ремонте и демонтаже. Аренда в Москве и Долгопрудном — от 1 290 ₽/сутки.",136,Аренда бензорезов и бетонорезов в Москве и Долгопрудном,"index, follow, max-image-preview:large, max-snippet:-1, max-video-preview:-1","AdministrativeArea; Answer; BreadcrumbList; City; ContactPoint; FAQPage; GeoCoordinates; ImageObject; ItemList; ListItem; OpeningHoursSpecification; PostalAddress; Question; Service; ServiceChannel; WebPage; WebSite; ['Organization', 'LocalBusiness', 'HomeAndConstructionBusiness']",1,3,57888,818,
https://sk-rosa.ru/arenda-oborudovaniya/betonosmesiteli,200,https://sk-rosa.ru/arenda-oborudovaniya/betonosmesiteli,"Аренда бетоносмесителей — Москва, Долгопрудный | ROSA",53,Для приготовления бетона и строительных растворов на объекте или участке. Аренда в Москве и Долгопрудном — от 790 ₽/сутки.,122,Аренда бетоносмесителей в Москве и Долгопрудном,"index, follow, max-image-preview:large, max-snippet:-1, max-video-preview:-1","AdministrativeArea; Answer; BreadcrumbList; City; ContactPoint; FAQPage; GeoCoordinates; ImageObject; ItemList; ListItem; OpeningHoursSpecification; PostalAddress; Question; Service; ServiceChannel; WebPage; WebSite; ['Organization', 'LocalBusiness', 'HomeAndConstructionBusiness']",1,3,48944,538,
https://sk-rosa.ru/arenda-oborudovaniya/vibroplity-i-vibrotrambovki,200,https://sk-rosa.ru/arenda-oborudovaniya/vibroplity-i-vibrotrambovki,"Аренда виброплит и вибротрамбовок — Москва, Долгопрудный | ROSA",63,"Для уплотнения грунта, песка, щебня и асфальта при устройстве оснований и дорожек. Аренда в Москве и Долгопрудном — от 1 290 ₽/сутки.",133,Аренда виброплит и вибротрамбовок в Москве и Долгопрудном,"index, follow, max-image-preview:large, max-snippet:-1, max-video-preview:-1","AdministrativeArea; Answer; BreadcrumbList; City; ContactPoint; FAQPage; GeoCoordinates; ImageObject; ItemList; ListItem; OpeningHoursSpecification; PostalAddress; Question; Service; ServiceChannel; WebPage; WebSite; ['Organization', 'LocalBusiness', 'HomeAndConstructionBusiness']",1,3,54866,690,
https://sk-rosa.ru/arenda-oborudovaniya/vibrorejki,200,https://sk-rosa.ru/arenda-oborudovaniya/vibrorejki,"Аренда виброреек — Москва, Долгопрудный | ROSA",46,"Для разравнивания и уплотнения свежего бетона при устройстве полов, площадок и стяжек. Аренда в Москве и Долгопрудном — от 2 090 ₽/сутки.",137,Аренда виброреек в Москве и Долгопрудном,"index, follow, max-image-preview:large, max-snippet:-1, max-video-preview:-1","AdministrativeArea; Answer; BreadcrumbList; City; ContactPoint; FAQPage; GeoCoordinates; ImageObject; ItemList; ListItem; OpeningHoursSpecification; PostalAddress; Question; Service; ServiceChannel; WebPage; WebSite; ['Organization', 'LocalBusiness', 'HomeAndConstructionBusiness']",1,3,41949,393,
https://sk-rosa.ru/arenda-oborudovaniya/vyshki-tury,200,https://sk-rosa.ru/arenda-oborudovaniya/vyshki-tury,"Аренда вышек-тур — Москва, Долгопрудный | ROSA",46,"Для безопасного доступа к рабочей зоне при фасадных, монтажных и отделочных работах. Аренда в Москве и Долгопрудном — от 190 ₽/сутки.",133,Аренда вышек-тур в Москве и Долгопрудном,"index, follow, max-image-preview:large, max-snippet:-1, max-video-preview:-1","AdministrativeArea; Answer; BreadcrumbList; City; ContactPoint; FAQPage; GeoCoordinates; ImageObject; ItemList; ListItem; OpeningHoursSpecification; PostalAddress; Question; Service; ServiceChannel; WebPage; WebSite; ['Organization', 'LocalBusiness', 'HomeAndConstructionBusiness']",1,3,47178,533,
https://sk-rosa.ru/arenda-oborudovaniya/zatirochnye-mashiny,200,https://sk-rosa.ru/arenda-oborudovaniya/zatirochnye-mashiny,"Аренда затирочных машин — Москва, Долгопрудный | ROSA",53,Для выравнивания и финишной затирки свежих бетонных полов после укладки смеси. Аренда в Москве и Долгопрудном — от 1 090 ₽/сутки.,129,Аренда затирочных машин в Москве и Долгопрудном,"index, follow, max-image-preview:large, max-snippet:-1, max-video-preview:-1","AdministrativeArea; Answer; BreadcrumbList; City; ContactPoint; FAQPage; GeoCoordinates; ImageObject; ItemList; ListItem; OpeningHoursSpecification; PostalAddress; Question; Service; ServiceChannel; WebPage; WebSite; ['Organization', 'LocalBusiness', 'HomeAndConstructionBusiness']",1,3,49962,589,
https://sk-rosa.ru/arenda-oborudovaniya/lestnicy,200,https://sk-rosa.ru/arenda-oborudovaniya/lestnicy,"Аренда лестниц — Москва, Долгопрудный | ROSA",44,"Для доступа на высоту при ремонте, монтаже, отделке и обслуживании помещений. Аренда в Москве и Долгопрудном — от 390 ₽/сутки.",126,Аренда лестниц в Москве и Долгопрудном,"index, follow, max-image-preview:large, max-snippet:-1, max-video-preview:-1","AdministrativeArea; Answer; BreadcrumbList; City; ContactPoint; FAQPage; GeoCoordinates; ImageObject; ItemList; ListItem; OpeningHoursSpecification; PostalAddress; Question; Service; ServiceChannel; WebPage; WebSite; ['Organization', 'LocalBusiness', 'HomeAndConstructionBusiness']",1,3,48620,554,
https://sk-rosa.ru/arenda-oborudovaniya/magnitnye-sverlilnye-stanki,200,https://sk-rosa.ru/arenda-oborudovaniya/magnitnye-sverlilnye-stanki,"Аренда магнитных сверлильных станков — Москва, Долгопрудный | ROSA",66,"Для сверления отверстий в стальных конструкциях, балках и листовом металле. Аренда в Москве и Долгопрудном — от 1 390 ₽/сутки.",126,Аренда магнитных сверлильных станков в Москве и Долгопрудном,"index, follow, max-image-preview:large, max-snippet:-1, max-video-preview:-1","AdministrativeArea; Answer; BreadcrumbList; City; ContactPoint; FAQPage; GeoCoordinates; ImageObject; ItemList; ListItem; OpeningHoursSpecification; PostalAddress; Question; Service; ServiceChannel; WebPage; WebSite; ['Organization', 'LocalBusiness', 'HomeAndConstructionBusiness']",1,3,41992,372,
https://sk-rosa.ru/arenda-oborudovaniya/mozaichno-shlifovalnye-mashiny,200,https://sk-rosa.ru/arenda-oborudovaniya/mozaichno-shlifovalnye-mashiny,"Аренда мозаично-шлифовальных машин — Москва, Долгопрудный | ROSA",64,"Для выравнивания, шлифования и подготовки бетонных и мозаичных полов. Аренда в Москве и Долгопрудном — от 1 490 ₽/сутки.",120,Аренда мозаично-шлифовальных машин в Москве и Долгопрудном,"index, follow, max-image-preview:large, max-snippet:-1, max-video-preview:-1","AdministrativeArea; Answer; BreadcrumbList; City; ContactPoint; FAQPage; GeoCoordinates; ImageObject; ItemList; ListItem; OpeningHoursSpecification; PostalAddress; Question; Service; ServiceChannel; WebPage; WebSite; ['Organization', 'LocalBusiness', 'HomeAndConstructionBusiness']",1,3,48809,516,
https://sk-rosa.ru/arenda-oborudovaniya/osushiteli-vozduha,200,https://sk-rosa.ru/arenda-oborudovaniya/osushiteli-vozduha,"Аренда осушителей воздуха — Москва, Долгопрудный | ROSA",55,"Для снижения влажности после протечек, штукатурных работ, устройства стяжки или отделки. Аренда в Москве и Долгопрудном — от 1 290 ₽/сутки.",139,Аренда осушителей воздуха в Москве и Долгопрудном,"index, follow, max-image-preview:large, max-snippet:-1, max-video-preview:-1","AdministrativeArea; Answer; BreadcrumbList; City; ContactPoint; FAQPage; GeoCoordinates; ImageObject; ItemList; ListItem; OpeningHoursSpecification; PostalAddress; Question; Service; ServiceChannel; WebPage; WebSite; ['Organization', 'LocalBusiness', 'HomeAndConstructionBusiness']",1,3,45315,466,
https://sk-rosa.ru/arenda-oborudovaniya/plitkorezy,200,https://sk-rosa.ru/arenda-oborudovaniya/plitkorezy,"Аренда плиткорезов — Москва, Долгопрудный | ROSA",48,Для прямого и углового раскроя керамической плитки и керамогранита при облицовке. Аренда в Москве и Долгопрудном — от 590 ₽/сутки.,130,Аренда плиткорезов в Москве и Долгопрудном,"index, follow, max-image-preview:large, max-snippet:-1, max-video-preview:-1","AdministrativeArea; Answer; BreadcrumbList; City; ContactPoint; FAQPage; GeoCoordinates; ImageObject; ItemList; ListItem; OpeningHoursSpecification; PostalAddress; Question; Service; ServiceChannel; WebPage; WebSite; ['Organization', 'LocalBusiness', 'HomeAndConstructionBusiness']",1,3,52458,634,
https://sk-rosa.ru/arenda-oborudovaniya/pogruzhnye-vibratory,200,https://sk-rosa.ru/arenda-oborudovaniya/pogruzhnye-vibratory,"Аренда погружных вибраторов — Москва, Долгопрудный | ROSA",57,"Для удаления воздуха и уплотнения бетонной смеси в фундаментах, колоннах и опалубке. Аренда в Москве и Долгопрудном — от 790 ₽/сутки.",133,Аренда погружных вибраторов в Москве и Долгопрудном,"index, follow, max-image-preview:large, max-snippet:-1, max-video-preview:-1","AdministrativeArea; Answer; BreadcrumbList; City; ContactPoint; FAQPage; GeoCoordinates; ImageObject; ItemList; ListItem; OpeningHoursSpecification; PostalAddress; Question; Service; ServiceChannel; WebPage; WebSite; ['Organization', 'LocalBusiness', 'HomeAndConstructionBusiness']",1,3,47162,510,
https://sk-rosa.ru/arenda-oborudovaniya/rezchiki-shvov,200,https://sk-rosa.ru/arenda-oborudovaniya/rezchiki-shvov,"Аренда резчиков швов — Москва, Долгопрудный | ROSA",50,Для нарезки технологических и ремонтных швов в бетонных и асфальтовых покрытиях. Аренда в Москве и Долгопрудном — от 1 790 ₽/сутки.,131,Аренда резчиков швов в Москве и Долгопрудном,"index, follow, max-image-preview:large, max-snippet:-1, max-video-preview:-1","AdministrativeArea; Answer; BreadcrumbList; City; ContactPoint; FAQPage; GeoCoordinates; ImageObject; ItemList; ListItem; OpeningHoursSpecification; PostalAddress; Question; Service; ServiceChannel; WebPage; WebSite; ['Organization', 'LocalBusiness', 'HomeAndConstructionBusiness']",1,3,49476,577,
https://sk-rosa.ru/arenda-oborudovaniya/stroitelnye-i-moyushchie-pylesosy,200,https://sk-rosa.ru/arenda-oborudovaniya/stroitelnye-i-moyushchie-pylesosy,"Аренда строительных и моющих пылесосов — Москва, Долгопрудный | ROSA",68,"Для сбора строительной пыли, мусора и жидкости, а также очистки поверхностей. Аренда в Москве и Долгопрудном — от 590 ₽/сутки.",126,Аренда строительных и моющих пылесосов в Москве и Долгопрудном,"index, follow, max-image-preview:large, max-snippet:-1, max-video-preview:-1","AdministrativeArea; Answer; BreadcrumbList; City; ContactPoint; FAQPage; GeoCoordinates; ImageObject; ItemList; ListItem; OpeningHoursSpecification; PostalAddress; Question; Service; ServiceChannel; WebPage; WebSite; ['Organization', 'LocalBusiness', 'HomeAndConstructionBusiness']",1,3,67168,1015,
https://sk-rosa.ru/arenda-oborudovaniya/teplovye-pushki,200,https://sk-rosa.ru/arenda-oborudovaniya/teplovye-pushki,"Аренда тепловых пушек — Москва, Долгопрудный | ROSA",51,"Для обогрева и просушки помещений, складов и строительных площадок в холодный период. Аренда в Москве и Долгопрудном — от 490 ₽/сутки.",134,Аренда тепловых пушек в Москве и Долгопрудном,"index, follow, max-image-preview:large, max-snippet:-1, max-video-preview:-1","AdministrativeArea; Answer; BreadcrumbList; City; ContactPoint; FAQPage; GeoCoordinates; ImageObject; ItemList; ListItem; OpeningHoursSpecification; PostalAddress; Question; Service; ServiceChannel; WebPage; WebSite; ['Organization', 'LocalBusiness', 'HomeAndConstructionBusiness']",1,3,53335,671,
https://sk-rosa.ru/arenda-oborudovaniya/shlifovalnye-mashiny-dlya-parketa,200,https://sk-rosa.ru/arenda-oborudovaniya/shlifovalnye-mashiny-dlya-parketa,"Аренда паркетошлифовальных машин — Москва, Долгопрудный | ROSA",62,"Для снятия старого покрытия, выравнивания и шлифования паркета и деревянного пола. Аренда в Москве и Долгопрудном — от 1 790 ₽/сутки.",133,Аренда паркетошлифовальных машин в Москве и Долгопрудном,"index, follow, max-image-preview:large, max-snippet:-1, max-video-preview:-1","AdministrativeArea; Answer; BreadcrumbList; City; ContactPoint; FAQPage; GeoCoordinates; ImageObject; ItemList; ListItem; OpeningHoursSpecification; PostalAddress; Question; Service; ServiceChannel; WebPage; WebSite; ['Organization', 'LocalBusiness', 'HomeAndConstructionBusiness']",1,3,42081,376,
https://sk-rosa.ru/arenda-oborudovaniya/shtukaturnye-stancii,200,https://sk-rosa.ru/arenda-oborudovaniya/shtukaturnye-stancii,"Аренда штукатурных станций — Москва, Долгопрудный | ROSA",56,Для механизированного приготовления и нанесения штукатурных смесей на стены и фасады. Аренда в Москве и Долгопрудном — от 2 590 ₽/сутки.,136,Аренда штукатурных станций в Москве и Долгопрудном,"index, follow, max-image-preview:large, max-snippet:-1, max-video-preview:-1","AdministrativeArea; Answer; BreadcrumbList; City; ContactPoint; FAQPage; GeoCoordinates; ImageObject; ItemList; ListItem; OpeningHoursSpecification; PostalAddress; Question; Service; ServiceChannel; WebPage; WebSite; ['Organization', 'LocalBusiness', 'HomeAndConstructionBusiness']",1,3,45724,479,
https://sk-rosa.ru/arenda-betonosmesitelya-prinuditelnogo-deystviya,200,https://sk-rosa.ru/arenda-betonosmesitelya-prinuditelnogo-deystviya,"Аренда бетоносмесителя СБ-мини 80 — Москва, Долгопрудный | ROSA",63,"Аренда бетоносмесителя принудительного действия СБ-мини 80 в Москве и Долгопрудном: от 444 ₽/час. Самовывоз, доставка по Москве и МО, договор; наличие на выбранные даты.",169,Аренда бетоносмесителя принудительного действия СБ-мини 80 в Москве и Долгопрудном,"index, follow, max-image-preview:large, max-snippet:-1, max-video-preview:-1","AdministrativeArea; Answer; BreadcrumbList; City; ContactPoint; FAQPage; GeoCoordinates; ImageObject; ListItem; Offer; OpeningHoursSpecification; PostalAddress; QuantitativeValue; Question; Service; ServiceChannel; UnitPriceSpecification; WebPage; WebSite; ['Organization', 'LocalBusiness', 'HomeAndConstructionBusiness']",6,2,51492,602,
https://sk-rosa.ru/arenda-osushitelya-vozduha-master-dh-92,200,https://sk-rosa.ru/arenda-osushitelya-vozduha-master-dh-92,"Аренда осушителя Master DH 92 — Москва, Долгопрудный | ROSA",59,"Аренда осушителя воздуха Master DH 92 в Москве и Долгопрудном: от 1 000 ₽/сутки. Самовывоз, доставка по Москве и МО, договор; наличие на выбранные даты.",152,Аренда осушителя воздуха Master DH 92 в Москве и Долгопрудном,"index, follow, max-image-preview:large, max-snippet:-1, max-video-preview:-1","AdministrativeArea; Answer; BreadcrumbList; City; ContactPoint; FAQPage; GeoCoordinates; ImageObject; ListItem; Offer; OpeningHoursSpecification; PostalAddress; QuantitativeValue; Question; Service; ServiceChannel; UnitPriceSpecification; WebPage; WebSite; ['Organization', 'LocalBusiness', 'HomeAndConstructionBusiness']",6,2,51234,610,
https://sk-rosa.ru/arenda-svarochnogo-invertora-svarog-arc-200-real-smart,200,https://sk-rosa.ru/arenda-svarochnogo-invertora-svarog-arc-200-real-smart,"Аренда инвертора Сварог ARC 200 — Москва, Долгопрудный | ROSA",61,"Аренда сварочного инвертора Сварог ARC 200 REAL SMART в Москве и Долгопрудном: от 400 ₽/сутки. Самовывоз, доставка по Москве и МО, договор; наличие на выбранные даты.",166,Аренда сварочного инвертора Сварог ARC 200 REAL SMART в Москве и Долгопрудном,"index, follow, max-image-preview:large, max-snippet:-1, max-video-preview:-1","AdministrativeArea; Answer; BreadcrumbList; City; ContactPoint; FAQPage; GeoCoordinates; ImageObject; ListItem; Offer; OpeningHoursSpecification; PostalAddress; QuantitativeValue; Question; Service; ServiceChannel; UnitPriceSpecification; WebPage; WebSite; ['Organization', 'LocalBusiness', 'HomeAndConstructionBusiness']",1,2,53209,656,
https://sk-rosa.ru/arenda-benzoreza-steviman-gs940-16,200,https://sk-rosa.ru/arenda-benzoreza-steviman-gs940-16,"Аренда бензореза Steviman GS940 — Москва, Долгопрудный | ROSA",61,"Аренда бензореза Steviman GS940 16″ в Москве и Долгопрудном: от 2 000 ₽/сутки. Самовывоз, доставка по Москве и МО, договор; наличие на выбранные даты.",150,Аренда бензореза Steviman GS940 16″ в Москве и Долгопрудном,"index, follow, max-image-preview:large, max-snippet:-1, max-video-preview:-1","AdministrativeArea; Answer; BreadcrumbList; City; ContactPoint; FAQPage; GeoCoordinates; ImageObject; ListItem; Offer; OpeningHoursSpecification; PostalAddress; QuantitativeValue; Question; Service; ServiceChannel; UnitPriceSpecification; WebPage; WebSite; ['Organization', 'LocalBusiness', 'HomeAndConstructionBusiness']",8,2,48688,610,
https://sk-rosa.ru/arenda-stroitelnogo-pylesosa-karcher-wd3-p-workshop,200,https://sk-rosa.ru/arenda-stroitelnogo-pylesosa-karcher-wd3-p-workshop,"Аренда пылесоса Karcher WD3 P — Москва, Долгопрудный | ROSA",59,"Аренда строительного пылесоса Karcher WD3 P Workshop в Москве и Долгопрудном: от 1 000 ₽/сутки. Самовывоз, доставка по Москве и МО, договор; наличие на выбранные даты.",167,Аренда строительного пылесоса Karcher WD3 P Workshop в Москве и Долгопрудном,"index, follow, max-image-preview:large, max-snippet:-1, max-video-preview:-1","AdministrativeArea; Answer; BreadcrumbList; City; ContactPoint; FAQPage; GeoCoordinates; ImageObject; ListItem; Offer; OpeningHoursSpecification; PostalAddress; QuantitativeValue; Question; Service; ServiceChannel; UnitPriceSpecification; WebPage; WebSite; ['Organization', 'LocalBusiness', 'HomeAndConstructionBusiness']",6,2,51659,639,
https://sk-rosa.ru/arenda-shtroboreza-atlet-pwc180j,200,https://sk-rosa.ru/arenda-shtroboreza-atlet-pwc180j,"Аренда штробореза ATLET PWC180J — Москва, Долгопрудный | ROSA",61,"Аренда штробореза ATLET PWC180J в Москве и Долгопрудном: от 1 000 ₽/сутки. Самовывоз, доставка по Москве и МО, договор; наличие на выбранные даты.",146,Аренда штробореза ATLET PWC180J в Москве и Долгопрудном,"index, follow, max-image-preview:large, max-snippet:-1, max-video-preview:-1","AdministrativeArea; Answer; BreadcrumbList; City; ContactPoint; FAQPage; GeoCoordinates; ImageObject; ListItem; Offer; OpeningHoursSpecification; PostalAddress; QuantitativeValue; Question; Service; ServiceChannel; UnitPriceSpecification; WebPage; WebSite; ['Organization', 'LocalBusiness', 'HomeAndConstructionBusiness']",7,2,50111,612,
https://sk-rosa.ru/arenda-perforatora-makita-hr2470,200,https://sk-rosa.ru/arenda-perforatora-makita-hr2470,"Аренда перфоратора Makita HR2470 — Москва, Долгопрудный | ROSA",62,"Аренда перфоратора Makita HR2470 в Москве и Долгопрудном: от 1 000 ₽/сутки. Самовывоз, доставка по Москве и МО, договор; наличие на выбранные даты.",147,Аренда перфоратора Makita HR2470 в Москве и Долгопрудном,"index, follow, max-image-preview:large, max-snippet:-1, max-video-preview:-1","AdministrativeArea; Answer; BreadcrumbList; City; ContactPoint; FAQPage; GeoCoordinates; ImageObject; ListItem; Offer; OpeningHoursSpecification; PostalAddress; QuantitativeValue; Question; Service; ServiceChannel; UnitPriceSpecification; WebPage; WebSite; ['Organization', 'LocalBusiness', 'HomeAndConstructionBusiness']",7,2,50353,604,
https://sk-rosa.ru/arenda-gazovogo-montazhnogo-pistoleta-toua-gsn50e,200,https://sk-rosa.ru/arenda-gazovogo-montazhnogo-pistoleta-toua-gsn50e,"Аренда пистолета TOUA GSN50E — Москва, Долгопрудный | ROSA",58,"Аренда газового монтажного пистолета TOUA GSN50E в Москве и Долгопрудном: от 1 000 ₽/сутки. Самовывоз, доставка по Москве и МО, договор; наличие на выбранные даты.",163,Аренда газового монтажного пистолета TOUA GSN50E в Москве и Долгопрудном,"index, follow, max-image-preview:large, max-snippet:-1, max-video-preview:-1","AdministrativeArea; Answer; BreadcrumbList; City; ContactPoint; FAQPage; GeoCoordinates; ImageObject; ListItem; Offer; OpeningHoursSpecification; PostalAddress; QuantitativeValue; Question; Service; ServiceChannel; UnitPriceSpecification; WebPage; WebSite; ['Organization', 'LocalBusiness', 'HomeAndConstructionBusiness']",7,2,50925,584,
https://sk-rosa.ru/arenda-ruchnogo-plitkoreza-kraftool-grand-1200,200,https://sk-rosa.ru/arenda-ruchnogo-plitkoreza-kraftool-grand-1200,"Аренда плиткореза KRAFTOOL Grand-1200 — Москва, Долгопрудный | ROSA",67,"Аренда ручного плиткореза KRAFTOOL Grand-1200 в Москве и Долгопрудном: от 380 ₽/сутки. Самовывоз, доставка по Москве и МО, договор; наличие на выбранные даты.",158,Аренда ручного плиткореза KRAFTOOL Grand-1200 в Москве и Долгопрудном,"index, follow, max-image-preview:large, max-snippet:-1, max-video-preview:-1","AdministrativeArea; Answer; BreadcrumbList; City; ContactPoint; FAQPage; GeoCoordinates; ImageObject; ListItem; Offer; OpeningHoursSpecification; PostalAddress; QuantitativeValue; Question; Service; ServiceChannel; UnitPriceSpecification; WebPage; WebSite; ['Organization', 'LocalBusiness', 'HomeAndConstructionBusiness']",6,2,51376,611,
https://sk-rosa.ru/arenda-gidravlicheskogo-trubogiba-gigant-mhpj-16,200,https://sk-rosa.ru/arenda-gidravlicheskogo-trubogiba-gigant-mhpj-16,"Аренда трубогиба Gigant MHPJ-16 — Москва, Долгопрудный | ROSA",61,"Аренда гидравлического трубогиба Gigant MHPJ-16 в Москве и Долгопрудном: от 500 ₽/сутки. Самовывоз, доставка по Москве и МО, договор; наличие на выбранные даты.",160,Аренда гидравлического трубогиба Gigant MHPJ-16 в Москве и Долгопрудном,"index, follow, max-image-preview:large, max-snippet:-1, max-video-preview:-1","AdministrativeArea; Answer; BreadcrumbList; City; ContactPoint; FAQPage; GeoCoordinates; ImageObject; ListItem; Offer; OpeningHoursSpecification; PostalAddress; QuantitativeValue; Question; Service; ServiceChannel; UnitPriceSpecification; WebPage; WebSite; ['Organization', 'LocalBusiness', 'HomeAndConstructionBusiness']",6,2,50428,618,
https://sk-rosa.ru/arenda-betonoreza-messer-ecf350,200,https://sk-rosa.ru/arenda-betonoreza-messer-ecf350,"Аренда бетонореза MESSER ECF350 — Москва, Долгопрудный | ROSA",61,"Аренда бетонореза MESSER ECF350, 350 мм в Москве и Долгопрудном: от 2 000 ₽/сутки. Самовывоз, доставка по Москве и МО, договор; наличие на выбранные даты.",154,"Аренда бетонореза MESSER ECF350, 350 мм в Москве и Долгопрудном","index, follow, max-image-preview:large, max-snippet:-1, max-video-preview:-1","AdministrativeArea; Answer; BreadcrumbList; City; ContactPoint; FAQPage; GeoCoordinates; ImageObject; ListItem; Offer; OpeningHoursSpecification; PostalAddress; QuantitativeValue; Question; Service; ServiceChannel; UnitPriceSpecification; WebPage; WebSite; ['Organization', 'LocalBusiness', 'HomeAndConstructionBusiness']",7,2,48388,566,
https://sk-rosa.ru/arenda-okrasochnogo-apparata-aktispray-avs-6001hd,200,https://sk-rosa.ru/arenda-okrasochnogo-apparata-aktispray-avs-6001hd,"Аренда аппарата AktiSpray AvS-6001HD — Москва, Долгопрудный | ROSA",66,"Аренда окрасочного аппарата AktiSpray AvS-6001HD в Москве и Долгопрудном: от 1 000 ₽/сутки. Самовывоз, доставка по Москве и МО, договор; наличие на выбранные даты.",163,Аренда окрасочного аппарата AktiSpray AvS-6001HD в Москве и Долгопрудном,"index, follow, max-image-preview:large, max-snippet:-1, max-video-preview:-1","AdministrativeArea; Answer; BreadcrumbList; City; ContactPoint; FAQPage; GeoCoordinates; ImageObject; ListItem; Offer; OpeningHoursSpecification; PostalAddress; QuantitativeValue; Question; Service; ServiceChannel; UnitPriceSpecification; WebPage; WebSite; ['Organization', 'LocalBusiness', 'HomeAndConstructionBusiness']",6,2,50412,541,
https://sk-rosa.ru/portfolio,200,https://sk-rosa.ru/portfolio,Портфолио работ | ROSA - Примеры ремонта квартир в Москве и МО,62,"Портфолио ремонта квартир в Москве и МО: ремонт под ключ, стяжка пола, покраска и штукатурка. Более 6 лет опыта и реальные проекты ROSA.",136,Портфолио ремонтных работ,"index, follow, max-image-preview:large, max-snippet:-1, max-video-preview:-1","AdministrativeArea; BreadcrumbList; City; CollectionPage; ContactPoint; CreativeWork; GeoCoordinates; ImageObject; ItemList; ListItem; OpeningHoursSpecification; PostalAddress; WebPage; WebSite; ['Organization', 'LocalBusiness', 'HomeAndConstructionBusiness']",388,1,70340,,main не выделен парсером; это не означает отсутствие контента
https://sk-rosa.ru/calculator,200,https://sk-rosa.ru/calculator,Калькулятор стоимости ремонта онлайн | ROSA,43,"Калькулятор стоимости ремонта квартиры в Москве и МО. Рассчитайте стоимость ремонта под ключ онлайн. Бесплатный расчет сметы, прозрачные цены. Звоните: +7 (985) 135-49-91",170,Онлайн-калькулятор расчета ремонта,"index, follow, max-image-preview:large, max-snippet:-1, max-video-preview:-1","AdministrativeArea; BreadcrumbList; City; ContactPoint; GeoCoordinates; ImageObject; ListItem; Offer; OpeningHoursSpecification; PostalAddress; WebApplication; WebPage; WebSite; ['Organization', 'LocalBusiness', 'HomeAndConstructionBusiness']",388,1,51604,,main не выделен парсером; это не означает отсутствие контента
https://sk-rosa.ru/blog,200,https://sk-rosa.ru/blog,Блог о ремонте | ROSA - Полезные статьи и советы,48,"Читайте полезные статьи о ремонте квартир, выборе материалов, технологиях отделки. Советы от профессионалов ROSA по ремонту и отделочным работам в Москве и МО.",159,Блог о ремонте и отделке о материалах и технологиях с советами и рекомендациями,"index, follow, max-image-preview:large, max-snippet:-1, max-video-preview:-1","AdministrativeArea; Blog; BreadcrumbList; City; ContactPoint; GeoCoordinates; ImageObject; ListItem; OpeningHoursSpecification; PostalAddress; WebPage; WebSite; ['Organization', 'LocalBusiness', 'HomeAndConstructionBusiness']",388,1,57000,925,
https://sk-rosa.ru/where-we-work,200,https://sk-rosa.ru/where-we-work,Где мы работаем - города Московской области | ROSA,50,"Профессиональные услуги ремонта и отделки в городах Московской области. Выберите услугу и город: ремонт под ключ, штукатурка, стяжка пола, покраска, мягкая кровля.",163,Где мы работаем,"index, follow, max-image-preview:large, max-snippet:-1, max-video-preview:-1","AdministrativeArea; BreadcrumbList; City; ContactPoint; GeoCoordinates; ImageObject; ListItem; OpeningHoursSpecification; PostalAddress; WebPage; WebSite; ['Organization', 'LocalBusiness', 'HomeAndConstructionBusiness']",388,1,81885,368,
https://sk-rosa.ru/privacy,200,https://sk-rosa.ru/privacy,Политика конфиденциальности | OOO.ROSA,38,Политика конфиденциальности OOO.ROSA. Информация о защите персональных данных пользователей сайта sk-rosa.ru,108,Политика конфиденциальности,"index, follow, max-image-preview:large, max-snippet:-1, max-video-preview:-1","AdministrativeArea; BreadcrumbList; City; ContactPoint; GeoCoordinates; ImageObject; ListItem; OpeningHoursSpecification; PostalAddress; WebPage; WebSite; ['Organization', 'LocalBusiness', 'HomeAndConstructionBusiness']",388,1,49104,,main не выделен парсером; это не означает отсутствие контента
https://sk-rosa.ru/terms,200,https://sk-rosa.ru/terms,Пользовательское соглашение | OOO.ROSA,38,Пользовательское соглашение OOO.ROSA. Условия использования сайта sk-rosa.ru,76,Пользовательское соглашение,"index, follow, max-image-preview:large, max-snippet:-1, max-video-preview:-1","AdministrativeArea; BreadcrumbList; City; ContactPoint; GeoCoordinates; ImageObject; ListItem; OpeningHoursSpecification; PostalAddress; WebPage; WebSite; ['Organization', 'LocalBusiness', 'HomeAndConstructionBusiness']",388,1,39631,,main не выделен парсером; это не означает отсутствие контента
https://sk-rosa.ru/kakuyu-ognebiozashchitu-vybrat-dlya-dereva,200,https://sk-rosa.ru/kakuyu-ognebiozashchitu-vybrat-dlya-dereva,Какая огнебиозащита для дерева лучше: выбор состава,51,"Разбираем, какую огнебиозащиту выбрать для стропил, дома и улицы: I или II группа, тип состава, расход и ошибки при обработке.",126,Какая огнебиозащита для дерева лучше: как выбрать состав,"index, follow, max-image-preview:large, max-snippet:-1, max-video-preview:-1","AdministrativeArea; BlogPosting; BreadcrumbList; City; ContactPoint; GeoCoordinates; ImageObject; ListItem; OpeningHoursSpecification; Person; PostalAddress; WebPage; WebSite; ['Organization', 'LocalBusiness', 'HomeAndConstructionBusiness']",51,1,49841,1331,
https://sk-rosa.ru/vidy-ognezashchity-metallokonstruktsiy,200,https://sk-rosa.ru/vidy-ognezashchity-metallokonstruktsiy,Виды огнезащиты металлоконструкций: сравнение и выбор,53,"Виды огнезащиты металлоконструкций: краски, штукатурки, плиты и комбинированные системы. Сравнение, критерии выбора и частые ошибки.",132,Виды и способы огнезащиты металлоконструкций,"index, follow, max-image-preview:large, max-snippet:-1, max-video-preview:-1","AdministrativeArea; BlogPosting; BreadcrumbList; City; ContactPoint; GeoCoordinates; ImageObject; ListItem; OpeningHoursSpecification; Person; PostalAddress; WebPage; WebSite; ['Organization', 'LocalBusiness', 'HomeAndConstructionBusiness']",51,1,65130,2113,
https://sk-rosa.ru/defekty-ognezashchitnogo-pokrytiya-metalla,200,https://sk-rosa.ru/defekty-ognezashchitnogo-pokrytiya-metalla,Дефекты огнезащитного покрытия металла | ROSA,45,"Отслоение огнезащитной краски, трещины и другие дефекты огнезащитного покрытия металла. Причины появления, последствия и способы устранения повреждений.",152,Типичные дефекты огнезащитного покрытия металла: почему появляются трещины и отслоения,"index, follow, max-image-preview:large, max-snippet:-1, max-video-preview:-1","AdministrativeArea; Answer; Blog; BlogPosting; BreadcrumbList; City; ContactPoint; FAQPage; GeoCoordinates; ImageObject; ListItem; OpeningHoursSpecification; Person; PostalAddress; Question; WebPage; WebSite; ['Organization', 'LocalBusiness', 'HomeAndConstructionBusiness']",105,1,54116,793,
https://sk-rosa.ru/srok-sluzhby-ognezashchitnogo-pokrytiya,200,https://sk-rosa.ru/srok-sluzhby-ognezashchitnogo-pokrytiya,Срок службы огнезащитного покрытия | ROSA,41,"Сколько служит огнезащитное покрытие металлоконструкций, от чего зависит срок эксплуатации и по каким признакам понять, что защиту пора обновлять.",146,Срок службы огнезащитного покрытия металлоконструкций: когда пора обновлять защиту,"index, follow, max-image-preview:large, max-snippet:-1, max-video-preview:-1","AdministrativeArea; Answer; Blog; BlogPosting; BreadcrumbList; City; ContactPoint; FAQPage; GeoCoordinates; ImageObject; ListItem; OpeningHoursSpecification; Person; PostalAddress; Question; WebPage; WebSite; ['Organization', 'LocalBusiness', 'HomeAndConstructionBusiness']",105,1,57480,733,
https://sk-rosa.ru/priemka-shtukaturnyh-rabot,200,https://sk-rosa.ru/priemka-shtukaturnyh-rabot,Приемка штукатурных работ: чек-лист | ROSA,42,"Как принять штукатурные работы: что проверить правилом и уровнем, какие дефекты считаются браком и когда замечания нужно внести в акт.",134,Приемка штукатурных работ: что проверить перед подписанием акта,"index, follow, max-image-preview:large, max-snippet:-1, max-video-preview:-1","AdministrativeArea; Answer; Blog; BlogPosting; BreadcrumbList; City; ContactPoint; FAQPage; GeoCoordinates; ImageObject; ListItem; OpeningHoursSpecification; Person; PostalAddress; Question; WebPage; WebSite; ['Organization', 'LocalBusiness', 'HomeAndConstructionBusiness']",68,1,69237,1049,
https://sk-rosa.ru/trebovaniya-k-vypolneniyu-shtukaturnyh-rabot,200,https://sk-rosa.ru/trebovaniya-k-vypolneniyu-shtukaturnyh-rabot,Требования к штукатурным работам | ROSA,39,Разбираем требования к выполнению штукатурных работ и требования к качеству штукатурных работ. Что проверить при приемке стен и какие дефекты недопустимы.,154,"Требования к выполнению штукатурных работ: как понять, что стены сделаны правильно","index, follow, max-image-preview:large, max-snippet:-1, max-video-preview:-1","AdministrativeArea; Answer; Blog; BlogPosting; BreadcrumbList; City; ContactPoint; FAQPage; GeoCoordinates; ImageObject; ListItem; OpeningHoursSpecification; Person; PostalAddress; Question; WebPage; WebSite; ['Organization', 'LocalBusiness', 'HomeAndConstructionBusiness']",20,1,66060,843,
https://sk-rosa.ru/podgotovka-sten-pod-dekorativnuyu-shtukaturku,200,https://sk-rosa.ru/podgotovka-sten-pod-dekorativnuyu-shtukaturku,Подготовка стен под декоративную штукатурку | ROSA,50,"Как подготовить стены под декоративную штукатурку: осмотр основания, удаление старых покрытий, выравнивание, грунтовка и частые ошибки.",135,Подготовка стен под декоративную штукатурку: что действительно влияет на результат,"index, follow, max-image-preview:large, max-snippet:-1, max-video-preview:-1","AdministrativeArea; Answer; Blog; BlogPosting; BreadcrumbList; City; ContactPoint; FAQPage; GeoCoordinates; ImageObject; ListItem; OpeningHoursSpecification; Person; PostalAddress; Question; WebPage; WebSite; ['Organization', 'LocalBusiness', 'HomeAndConstructionBusiness']",20,1,71916,1038,
https://sk-rosa.ru/stoimost-remonta-kvartiry,200,https://sk-rosa.ru/stoimost-remonta-kvartiry,Стоимость ремонта квартиры в Москве 2026 | ROSA,47,"Стоимость ремонта квартиры в Москве в 2026 году: ремонт под ключ от 10 000 ₽/м² за работы, с материалами от 20 000 ₽/м², таблицы бюджета, смета, договор и акты.",160,Сколько стоит ремонт квартиры в Москве в 2026 году: реальные цены и расчёт бюджета,"index, follow, max-image-preview:large, max-snippet:-1, max-video-preview:-1","AdministrativeArea; Answer; Blog; BlogPosting; BreadcrumbList; City; ContactPoint; FAQPage; GeoCoordinates; ImageObject; ListItem; OpeningHoursSpecification; Person; PostalAddress; Question; WebPage; WebSite; ['Organization', 'LocalBusiness', 'HomeAndConstructionBusiness']",53,1,88212,1856,
https://sk-rosa.ru/kak-rasscitat-raskhod-shtukaturki,200,https://sk-rosa.ru/kak-rasscitat-raskhod-shtukaturki,Расход штукатурки: расчет для стен и потолка | ROSA,51,"Формула расчёта расхода штукатурки с примерами для комнаты и фасада. Таблицы норм расхода по типам смеси, типичные ошибки, советы мастера по запасу и закупке.",158,"Как рассчитать, сколько нужно штукатурки на стены и потолок","index, follow, max-image-preview:large, max-snippet:-1, max-video-preview:-1","AdministrativeArea; Answer; Blog; BlogPosting; BreadcrumbList; City; ContactPoint; FAQPage; GeoCoordinates; ImageObject; ListItem; OpeningHoursSpecification; Person; PostalAddress; Question; WebPage; WebSite; ['Organization', 'LocalBusiness', 'HomeAndConstructionBusiness']",13,1,101342,2386,
https://sk-rosa.ru/pokraska-sten-dvumya-cvetami,200,https://sk-rosa.ru/pokraska-sten-dvumya-cvetami,Покраска стены двумя цветами | ROSA,35,"Пошаговое руководство по покраске стен в два цвета: выбор метода, подбор сочетаний, разметка, малярная лента. Таблицы с ошибками и стоимостью работ.",148,Как покрасить стену двумя цветами и не запороть ремонт,"index, follow, max-image-preview:large, max-snippet:-1, max-video-preview:-1","AdministrativeArea; Answer; Blog; BlogPosting; BreadcrumbList; City; ContactPoint; FAQPage; GeoCoordinates; ImageObject; ListItem; OpeningHoursSpecification; Person; PostalAddress; Question; WebPage; WebSite; ['Organization', 'LocalBusiness', 'HomeAndConstructionBusiness']",53,1,92382,1867,
https://sk-rosa.ru/styazhka-pod-teply-pol,200,https://sk-rosa.ru/styazhka-pod-teply-pol,Стяжка под теплый пол: как сделать правильно | ROSA,51,"Стяжка под тёплый пол: какая толщина нужна над трубами, какой бетон выбрать, как избежать трещин. Нормативы СП, виды стяжек, ошибки и реальные примеры.",151,"Стяжка под тёплый пол: как сделать правильно, чтобы не треснула и хорошо грела","index, follow, max-image-preview:large, max-snippet:-1, max-video-preview:-1","AdministrativeArea; Answer; Blog; BlogPosting; BreadcrumbList; City; ContactPoint; FAQPage; GeoCoordinates; ImageObject; ListItem; OpeningHoursSpecification; Person; PostalAddress; Question; WebPage; WebSite; ['Organization', 'LocalBusiness', 'HomeAndConstructionBusiness']",52,1,97910,2518,
https://sk-rosa.ru/shpaklevka-sten-posle-shtukaturki,200,https://sk-rosa.ru/shpaklevka-sten-posle-shtukaturki,Шпаклевка стен после штукатурки | ROSA,38,"Пошаговая инструкция по шпаклевке стен после штукатурки: выбор смеси, подготовка поверхности, технология нанесения под обои и покраску. Советы мастеров ROSA.",157,Как правильно шпаклевать стены после штукатурки: подробное руководство для новичка,"index, follow, max-image-preview:large, max-snippet:-1, max-video-preview:-1","AdministrativeArea; Answer; Blog; BlogPosting; BreadcrumbList; City; ContactPoint; FAQPage; GeoCoordinates; ImageObject; ListItem; OpeningHoursSpecification; Person; PostalAddress; Question; WebPage; WebSite; ['Organization', 'LocalBusiness', 'HomeAndConstructionBusiness']",61,1,103662,2484,
https://sk-rosa.ru/pokraska-sten-bez-razvodov,200,https://sk-rosa.ru/pokraska-sten-bez-razvodov,Покраска стен без разводов | ROSA,33,"Пошаговый гид: подготовка стен, выбор краски и валика, техника нанесения. Как покрасить стены без разводов и полос — практические советы с расчётом расхода краски.",163,Как правильно покрасить стены без разводов,"index, follow, max-image-preview:large, max-snippet:-1, max-video-preview:-1","AdministrativeArea; Answer; Blog; BlogPosting; BreadcrumbList; City; ContactPoint; FAQPage; GeoCoordinates; ImageObject; ListItem; OpeningHoursSpecification; Person; PostalAddress; Question; WebPage; WebSite; ['Organization', 'LocalBusiness', 'HomeAndConstructionBusiness']",101,1,85078,1593,
https://sk-rosa.ru/armirovanie-shtukaturki-setkoj,200,https://sk-rosa.ru/armirovanie-shtukaturki-setkoj,Армирование штукатурки сеткой | ROSA,36,"Как армировать штукатурку сеткой: виды сеток, способы крепления, пошаговая инструкция нанесения слоёв, расчёт количества и типичные ошибки.",139,Как армировать штукатурку сеткой: полная инструкция,"index, follow, max-image-preview:large, max-snippet:-1, max-video-preview:-1","AdministrativeArea; Answer; Blog; BlogPosting; BreadcrumbList; City; ContactPoint; FAQPage; GeoCoordinates; ImageObject; ListItem; OpeningHoursSpecification; Person; PostalAddress; Question; WebPage; WebSite; ['Organization', 'LocalBusiness', 'HomeAndConstructionBusiness']",61,1,85979,1611,
https://sk-rosa.ru/gidroizolyaciya-pola-pod-styazhku,200,https://sk-rosa.ru/gidroizolyaciya-pola-pod-styazhku,Гидроизоляция пола под стяжку | ROSA,36,"Обмазочная, рулонная, пленочная, проникающая гидроизоляция под стяжку — чем отличаются, куда применять и как не переплатить. Разбираем по помещениям и бюджету.",159,Гидроизоляция пола под стяжку: какие варианты есть и что выбрать,"index, follow, max-image-preview:large, max-snippet:-1, max-video-preview:-1","AdministrativeArea; Answer; Blog; BlogPosting; BreadcrumbList; City; ContactPoint; FAQPage; GeoCoordinates; ImageObject; ListItem; OpeningHoursSpecification; Person; PostalAddress; Question; WebPage; WebSite; ['Organization', 'LocalBusiness', 'HomeAndConstructionBusiness']",53,1,106941,2847,
https://sk-rosa.ru/vidy-styazhki-pola,200,https://sk-rosa.ru/vidy-styazhki-pola,Виды стяжки пола: что выбрать | ROSA,36,"Разбираем виды стяжки пола: мокрая, полусухая, сухая, гипсовая, наливная. Как выбрать стяжку для квартиры, дома, теплого пола — практический гид с алгоритмом выбора.",165,Какие есть стяжки пола и какую стяжку выбрать под вашу задачу,"index, follow, max-image-preview:large, max-snippet:-1, max-video-preview:-1","AdministrativeArea; Answer; Blog; BlogPosting; BreadcrumbList; City; ContactPoint; FAQPage; GeoCoordinates; ImageObject; ListItem; OpeningHoursSpecification; Person; PostalAddress; Question; WebPage; WebSite; ['Organization', 'LocalBusiness', 'HomeAndConstructionBusiness']",101,1,100215,2572,
https://sk-rosa.ru/fasad-shtukaturka,200,https://sk-rosa.ru/fasad-shtukaturka,Фасадная штукатурка: материалы и цены | ROSA,44,"Полный гид по наружной штукатурке фасадов: виды материалов, технология мокрого фасада, выбор системы, типичные ошибки и контроль качества работ.",144,Наружная штукатурка фасадов здания: как выбрать материал и сделать долговечный штукатурный фасад,"index, follow, max-image-preview:large, max-snippet:-1, max-video-preview:-1","AdministrativeArea; Answer; Blog; BlogPosting; BreadcrumbList; City; ContactPoint; FAQPage; GeoCoordinates; ImageObject; ListItem; OpeningHoursSpecification; Person; PostalAddress; Question; WebPage; WebSite; ['Organization', 'LocalBusiness', 'HomeAndConstructionBusiness']",56,1,120275,3480,
https://sk-rosa.ru/preimushestva-bezvozdushnoj-pokraski,200,https://sk-rosa.ru/preimushestva-bezvozdushnoj-pokraski,Преимущества безвоздушной покраски | ROSA,41,"Безвоздушная покраска ускоряет отделку в 5–10 раз и экономит краску на 30%. Принцип работы, плюсы, недостатки и техника нанесения для стен, потолков и фасадов.",159,Преимущества безвоздушной покраски,"index, follow, max-image-preview:large, max-snippet:-1, max-video-preview:-1","AdministrativeArea; Blog; BlogPosting; BreadcrumbList; City; ContactPoint; GeoCoordinates; ImageObject; ListItem; OpeningHoursSpecification; Person; PostalAddress; WebPage; WebSite; ['Organization', 'LocalBusiness', 'HomeAndConstructionBusiness']",53,1,56876,585,
https://sk-rosa.ru/shtukaturka-sten-v-novostrojke,200,https://sk-rosa.ru/shtukaturka-sten-v-novostrojke,Штукатурка стен в новостройке | ROSA,36,"Полное руководство по штукатурке стен в новостройке: выбор смесей для разных материалов, технологии нанесения, советы профессионалов ROSA.",138,Штукатурка стен в новостройке: полное руководство по выбору смесей и технологий,"index, follow, max-image-preview:large, max-snippet:-1, max-video-preview:-1","AdministrativeArea; Answer; Blog; BlogPosting; BreadcrumbList; City; ContactPoint; FAQPage; GeoCoordinates; ImageObject; ListItem; OpeningHoursSpecification; Person; PostalAddress; Question; WebPage; WebSite; ['Organization', 'LocalBusiness', 'HomeAndConstructionBusiness']",98,1,66591,854,
https://sk-rosa.ru/vybor-kraski-airless-painting,200,https://sk-rosa.ru/vybor-kraski-airless-painting,Краска для безвоздушной покраски | ROSA,39,"Как выбрать краску для безвоздушной покраски: типы составов, вязкость, подбор сопла, подготовка основания и частые ошибки.",122,Как выбрать краску для безвоздушной покраски в Москве в 2026 году,"index, follow, max-image-preview:large, max-snippet:-1, max-video-preview:-1","AdministrativeArea; Answer; Blog; BlogPosting; BreadcrumbList; City; ContactPoint; FAQPage; GeoCoordinates; ImageObject; ListItem; OpeningHoursSpecification; Person; PostalAddress; Question; WebPage; WebSite; ['Organization', 'LocalBusiness', 'HomeAndConstructionBusiness']",53,1,117159,3537,
https://sk-rosa.ru/shtukaturka-guide,200,https://sk-rosa.ru/shtukaturka-guide,Как правильно штукатурить стены | ROSA,38,"Пошаговое руководство по штукатурке стен в квартире. Как выбрать смесь, подготовить поверхность, нанести штукатурку и избежать типичных ошибок.",143,Как правильно штукатурить стены: пошаговое руководство,"index, follow, max-image-preview:large, max-snippet:-1, max-video-preview:-1","AdministrativeArea; Answer; Blog; BlogPosting; BreadcrumbList; City; ContactPoint; FAQPage; GeoCoordinates; ImageObject; ListItem; OpeningHoursSpecification; Person; PostalAddress; Question; WebPage; WebSite; ['Organization', 'LocalBusiness', 'HomeAndConstructionBusiness']",51,1,66281,964,
https://sk-rosa.ru/mashinnaya-ili-ruchnaya-shtukaturka,200,https://sk-rosa.ru/mashinnaya-ili-ruchnaya-shtukaturka,Машинная или ручная штукатурка | ROSA,37,"Сравнение механизированного (машинного) и ручного оштукатуривания стен. Когда выбрать штукатурную станцию для скорости, а когда шпатель для точности в квартире или доме.",169,Механизированная (машинная) или ручная штукатурка: что лучше для ремонта,"index, follow, max-image-preview:large, max-snippet:-1, max-video-preview:-1","AdministrativeArea; Answer; Blog; BlogPosting; BreadcrumbList; City; ContactPoint; FAQPage; GeoCoordinates; ImageObject; ListItem; OpeningHoursSpecification; Person; PostalAddress; Question; WebPage; WebSite; ['Organization', 'LocalBusiness', 'HomeAndConstructionBusiness']",51,1,64741,915,
https://sk-rosa.ru/vybor-shtukaturki,200,https://sk-rosa.ru/vybor-shtukaturki,Какую штукатурку выбрать для стен | ROSA,40,"Гипсовая, цементная или полимерная штукатурка — полный гид по выбору для стен. Виды, факторы, расчёт расхода, топ-бренды 2026, типичные ошибки. Опыт 6 лет.",155,Какую штукатурку выбрать для стен: полный гид от мастеров,"index, follow, max-image-preview:large, max-snippet:-1, max-video-preview:-1","AdministrativeArea; Answer; Blog; BlogPosting; BreadcrumbList; City; ContactPoint; FAQPage; GeoCoordinates; ImageObject; ListItem; OpeningHoursSpecification; Person; PostalAddress; Question; WebPage; WebSite; ['Organization', 'LocalBusiness', 'HomeAndConstructionBusiness']",50,1,102106,2512,
https://sk-rosa.ru/plastering-balashikha,200,https://sk-rosa.ru/plastering-balashikha,Штукатурка стен в Балашихе от 600 ₽/м² | ROSA,45,"Машинная штукатурка стен в Балашихе: гипсовая и цементная, по маякам. От 600 ₽/м², гарантия от 2 лет, договор и акт.",116,Механизированная штукатурка стен в Балашихе,"index, follow, max-image-preview:large, max-snippet:-1, max-video-preview:-1","AdministrativeArea; Answer; BreadcrumbList; City; ContactPoint; FAQPage; GeoCoordinates; ImageObject; ListItem; Offer; OpeningHoursSpecification; PostalAddress; Question; Service; ServiceChannel; UnitPriceSpecification; WebPage; WebSite; ['Organization', 'LocalBusiness', 'HomeAndConstructionBusiness']",11,2,123811,1939,
https://sk-rosa.ru/plastering-khimki,200,https://sk-rosa.ru/plastering-khimki,Штукатурка стен в Химках от 600 ₽/м² | ROSA,43,"Машинная штукатурка стен в Химках: гипсовая и цементная, по маякам. От 600 ₽/м², гарантия от 2 лет, договор и акт.",114,Механизированная штукатурка стен в Химках,"index, follow, max-image-preview:large, max-snippet:-1, max-video-preview:-1","AdministrativeArea; Answer; BreadcrumbList; City; ContactPoint; FAQPage; GeoCoordinates; ImageObject; ListItem; Offer; OpeningHoursSpecification; PostalAddress; Question; Service; ServiceChannel; UnitPriceSpecification; WebPage; WebSite; ['Organization', 'LocalBusiness', 'HomeAndConstructionBusiness']",10,2,123422,1934,
https://sk-rosa.ru/plastering-podolsk,200,https://sk-rosa.ru/plastering-podolsk,Штукатурка стен в Подольске от 600 ₽/м² | ROSA,46,"Цементная штукатурка санузла в Подольске от 600 ₽/м². Подготовка основания, геометрия под плитку, трубы и совместимость с гидроизоляцией.",137,Механизированная штукатурка стен в Подольске,"index, follow, max-image-preview:large, max-snippet:-1, max-video-preview:-1","AdministrativeArea; Answer; BreadcrumbList; City; ContactPoint; FAQPage; GeoCoordinates; ImageObject; ListItem; Offer; OpeningHoursSpecification; PostalAddress; Question; Service; ServiceChannel; UnitPriceSpecification; WebPage; WebSite; ['Organization', 'LocalBusiness', 'HomeAndConstructionBusiness']",11,2,117086,1512,
https://sk-rosa.ru/plastering-lyubertsy,200,https://sk-rosa.ru/plastering-lyubertsy,Штукатурка стен в Люберцах от 600 ₽/м² | ROSA,45,"Машинная штукатурка стен в Люберцах: гипсовая и цементная, по маякам. От 600 ₽/м², гарантия от 2 лет, договор и акт.",116,Механизированная штукатурка стен в Люберцах,"index, follow, max-image-preview:large, max-snippet:-1, max-video-preview:-1","AdministrativeArea; Answer; BreadcrumbList; City; ContactPoint; FAQPage; GeoCoordinates; ImageObject; ListItem; Offer; OpeningHoursSpecification; PostalAddress; Question; Service; ServiceChannel; UnitPriceSpecification; WebPage; WebSite; ['Organization', 'LocalBusiness', 'HomeAndConstructionBusiness']",14,2,123500,1927,
https://sk-rosa.ru/plastering-mytishchi,200,https://sk-rosa.ru/plastering-mytishchi,Штукатурка стен в Мытищах от 600 ₽/м² | ROSA,44,"Штукатурка стен под покраску в Мытищах от 600 ₽/м². Категория подготовки, рабочее освещение, плоскость, углы и передача под шпаклёвку.",134,Механизированная штукатурка стен в Мытищах,"index, follow, max-image-preview:large, max-snippet:-1, max-video-preview:-1","AdministrativeArea; Answer; BreadcrumbList; City; ContactPoint; FAQPage; GeoCoordinates; ImageObject; ListItem; Offer; OpeningHoursSpecification; PostalAddress; Question; Service; ServiceChannel; UnitPriceSpecification; WebPage; WebSite; ['Organization', 'LocalBusiness', 'HomeAndConstructionBusiness']",10,2,117353,1539,
https://sk-rosa.ru/plastering-krasnogorsk,200,https://sk-rosa.ru/plastering-krasnogorsk,Штукатурка стен в Красногорске от 600 ₽/м² | ROSA,49,"Механизированная штукатурка в Красногорске от 600 ₽/м². План разгрузки и подачи смеси, защита лифта, вода, электричество и поэтажная уборка.",140,Механизированная штукатурка стен в Красногорске,"index, follow, max-image-preview:large, max-snippet:-1, max-video-preview:-1","AdministrativeArea; Answer; BreadcrumbList; City; ContactPoint; FAQPage; GeoCoordinates; ImageObject; ListItem; Offer; OpeningHoursSpecification; PostalAddress; Question; Service; ServiceChannel; UnitPriceSpecification; WebPage; WebSite; ['Organization', 'LocalBusiness', 'HomeAndConstructionBusiness']",10,2,117637,1539,
https://sk-rosa.ru/plastering-elektrostal,200,https://sk-rosa.ru/plastering-elektrostal,Штукатурка стен в Электростали от 600 ₽/м² | ROSA,49,"Машинная штукатурка стен в Электростали: гипсовая и цементная, по маякам. От 600 ₽/м², гарантия от 2 лет, договор и акт.",120,Механизированная штукатурка стен в Электростали,"index, follow, max-image-preview:large, max-snippet:-1, max-video-preview:-1","AdministrativeArea; Answer; BreadcrumbList; City; ContactPoint; FAQPage; GeoCoordinates; ImageObject; ListItem; Offer; OpeningHoursSpecification; PostalAddress; Question; Service; ServiceChannel; UnitPriceSpecification; WebPage; WebSite; ['Organization', 'LocalBusiness', 'HomeAndConstructionBusiness']",9,2,124273,1941,
https://sk-rosa.ru/plastering-vidnoe,200,https://sk-rosa.ru/plastering-vidnoe,Штукатурка стен в Видном от 600 ₽/м² | ROSA,43,"Машинная штукатурка стен в Видном: гипсовая и цементная, по маякам. От 600 ₽/м², гарантия от 2 лет, договор и акт.",114,Механизированная штукатурка стен в Видном,"index, follow, max-image-preview:large, max-snippet:-1, max-video-preview:-1","AdministrativeArea; Answer; BreadcrumbList; City; ContactPoint; FAQPage; GeoCoordinates; ImageObject; ListItem; Offer; OpeningHoursSpecification; PostalAddress; Question; Service; ServiceChannel; UnitPriceSpecification; WebPage; WebSite; ['Organization', 'LocalBusiness', 'HomeAndConstructionBusiness']",8,2,123292,1936,
https://sk-rosa.ru/plastering-domodedovo,200,https://sk-rosa.ru/plastering-domodedovo,Штукатурка стен в Домодедове от 600 ₽/м² | ROSA,47,"Машинная штукатурка стен в Домодедове: гипсовая и цементная, по маякам. От 600 ₽/м², гарантия от 2 лет, договор и акт.",118,Механизированная штукатурка стен в Домодедове,"index, follow, max-image-preview:large, max-snippet:-1, max-video-preview:-1","AdministrativeArea; Answer; BreadcrumbList; City; ContactPoint; FAQPage; GeoCoordinates; ImageObject; ListItem; Offer; OpeningHoursSpecification; PostalAddress; Question; Service; ServiceChannel; UnitPriceSpecification; WebPage; WebSite; ['Organization', 'LocalBusiness', 'HomeAndConstructionBusiness']",10,2,124186,1949,
https://sk-rosa.ru/plastering-dolgoprudny,200,https://sk-rosa.ru/plastering-dolgoprudny,Штукатурка стен в Долгопрудном от 600 ₽/м² | ROSA,49,"Машинная штукатурка стен в Долгопрудном: гипсовая и цементная, по маякам. От 600 ₽/м², гарантия от 2 лет, договор и акт.",120,Механизированная штукатурка стен в Долгопрудном,"index, follow, max-image-preview:large, max-snippet:-1, max-video-preview:-1","AdministrativeArea; Answer; BreadcrumbList; City; ContactPoint; FAQPage; GeoCoordinates; ImageObject; ListItem; Offer; OpeningHoursSpecification; PostalAddress; Question; Service; ServiceChannel; UnitPriceSpecification; WebPage; WebSite; ['Organization', 'LocalBusiness', 'HomeAndConstructionBusiness']",11,2,124065,1940,
https://sk-rosa.ru/plastering-shchelkovo,200,https://sk-rosa.ru/plastering-shchelkovo,Штукатурка стен в Щёлкове от 600 ₽/м² | ROSA,44,"Машинная штукатурка стен в Щёлкове: гипсовая и цементная, по маякам. От 600 ₽/м², гарантия от 2 лет, договор и акт.",115,Механизированная штукатурка стен в Щёлкове,"index, follow, max-image-preview:large, max-snippet:-1, max-video-preview:-1","AdministrativeArea; Answer; BreadcrumbList; City; ContactPoint; FAQPage; GeoCoordinates; ImageObject; ListItem; Offer; OpeningHoursSpecification; PostalAddress; Question; Service; ServiceChannel; UnitPriceSpecification; WebPage; WebSite; ['Organization', 'LocalBusiness', 'HomeAndConstructionBusiness']",11,2,123567,1933,
https://sk-rosa.ru/plastering-pushkino,200,https://sk-rosa.ru/plastering-pushkino,Штукатурка стен в Пушкине от 600 ₽/м² | ROSA,44,"Штукатурка откосов и проёмов в Пушкине от 600 ₽/м². Размеры под окна и двери, углы, примыкания, утепление узлов и поштучный расчёт.",131,Механизированная штукатурка стен в Пушкине,"index, follow, max-image-preview:large, max-snippet:-1, max-video-preview:-1","AdministrativeArea; Answer; BreadcrumbList; City; ContactPoint; FAQPage; GeoCoordinates; ImageObject; ListItem; Offer; OpeningHoursSpecification; PostalAddress; Question; Service; ServiceChannel; UnitPriceSpecification; WebPage; WebSite; ['Organization', 'LocalBusiness', 'HomeAndConstructionBusiness']",11,2,116817,1525,
https://sk-rosa.ru/plastering-ramenskoe,200,https://sk-rosa.ru/plastering-ramenskoe,Штукатурка стен в Раменском от 600 ₽/м² | ROSA,46,"Машинная штукатурка стен в Раменском: гипсовая и цементная, по маякам. От 600 ₽/м², гарантия от 2 лет, договор и акт.",117,Механизированная штукатурка стен в Раменском,"index, follow, max-image-preview:large, max-snippet:-1, max-video-preview:-1","AdministrativeArea; Answer; BreadcrumbList; City; ContactPoint; FAQPage; GeoCoordinates; ImageObject; ListItem; Offer; OpeningHoursSpecification; PostalAddress; Question; Service; ServiceChannel; UnitPriceSpecification; WebPage; WebSite; ['Organization', 'LocalBusiness', 'HomeAndConstructionBusiness']",10,2,123894,1935,
https://sk-rosa.ru/plastering-noginsk,200,https://sk-rosa.ru/plastering-noginsk,Штукатурка стен в Ногинске от 600 ₽/м² | ROSA,45,"Штукатурка высоких стен в Ногинске от 600 ₽/м². Подмости, деление на захватки, подача смеси, контроль вертикали и безопасная приёмка.",133,Механизированная штукатурка стен в Ногинске,"index, follow, max-image-preview:large, max-snippet:-1, max-video-preview:-1","AdministrativeArea; Answer; BreadcrumbList; City; ContactPoint; FAQPage; GeoCoordinates; ImageObject; ListItem; Offer; OpeningHoursSpecification; PostalAddress; Question; Service; ServiceChannel; UnitPriceSpecification; WebPage; WebSite; ['Organization', 'LocalBusiness', 'HomeAndConstructionBusiness']",11,2,116857,1524,
https://sk-rosa.ru/plastering-istra,200,https://sk-rosa.ru/plastering-istra,Штукатурка стен в Истре от 600 ₽/м² | ROSA,42,"Машинная штукатурка стен в Истре: гипсовая и цементная, по маякам. От 600 ₽/м², гарантия от 2 лет, договор и акт.",113,Механизированная штукатурка стен в Истре,"index, follow, max-image-preview:large, max-snippet:-1, max-video-preview:-1","AdministrativeArea; Answer; BreadcrumbList; City; ContactPoint; FAQPage; GeoCoordinates; ImageObject; ListItem; Offer; OpeningHoursSpecification; PostalAddress; Question; Service; ServiceChannel; UnitPriceSpecification; WebPage; WebSite; ['Organization', 'LocalBusiness', 'HomeAndConstructionBusiness']",10,2,123164,1927,
https://sk-rosa.ru/plastering-naro-fominsk,200,https://sk-rosa.ru/plastering-naro-fominsk,Штукатурка стен в Наро-Фоминске от 600 ₽/м² | ROSA,50,"Машинная штукатурка стен в Наро-Фоминске: гипсовая и цементная, по маякам. От 600 ₽/м², гарантия от 2 лет, договор и акт.",121,Механизированная штукатурка стен в Наро-Фоминске,"index, follow, max-image-preview:large, max-snippet:-1, max-video-preview:-1","AdministrativeArea; Answer; BreadcrumbList; City; ContactPoint; FAQPage; GeoCoordinates; ImageObject; ListItem; Offer; OpeningHoursSpecification; PostalAddress; Question; Service; ServiceChannel; UnitPriceSpecification; WebPage; WebSite; ['Organization', 'LocalBusiness', 'HomeAndConstructionBusiness']",9,2,124127,1935,
https://sk-rosa.ru/plastering-aprelevka,200,https://sk-rosa.ru/plastering-aprelevka,Штукатурка стен в Апрелевке от 600 ₽/м² | ROSA,46,"Штукатурка стен в Апрелевке от 600 ₽/м². Подготовка газобетона и кладки, контроль влажности, выбор грунта и смеси, армирование узлов и приёмка геометрии.",153,Механизированная штукатурка стен в Апрелевке,"index, follow, max-image-preview:large, max-snippet:-1, max-video-preview:-1","AdministrativeArea; Answer; BreadcrumbList; City; ContactPoint; FAQPage; GeoCoordinates; ImageObject; ListItem; Offer; OpeningHoursSpecification; PostalAddress; Question; Service; ServiceChannel; UnitPriceSpecification; WebPage; WebSite; ['Organization', 'LocalBusiness', 'HomeAndConstructionBusiness']",8,2,117852,1555,
https://sk-rosa.ru/plastering-bronnitsy,200,https://sk-rosa.ru/plastering-bronnitsy,Штукатурка стен в Бронницах от 600 ₽/м² | ROSA,46,"Машинная штукатурка стен в Бронницах: гипсовая и цементная, по маякам. От 600 ₽/м², гарантия от 2 лет, договор и акт.",117,Механизированная штукатурка стен в Бронницах,"index, follow, max-image-preview:large, max-snippet:-1, max-video-preview:-1","AdministrativeArea; Answer; BreadcrumbList; City; ContactPoint; FAQPage; GeoCoordinates; ImageObject; ListItem; Offer; OpeningHoursSpecification; PostalAddress; Question; Service; ServiceChannel; UnitPriceSpecification; WebPage; WebSite; ['Organization', 'LocalBusiness', 'HomeAndConstructionBusiness']",10,2,123697,1929,
https://sk-rosa.ru/plastering-volokolamsk,200,https://sk-rosa.ru/plastering-volokolamsk,Штукатурка стен в Волоколамске от 600 ₽/м² | ROSA,49,"Машинная штукатурка стен в Волоколамске: гипсовая и цементная, по маякам. От 600 ₽/м², гарантия от 2 лет, договор и акт.",120,Механизированная штукатурка стен в Волоколамске,"index, follow, max-image-preview:large, max-snippet:-1, max-video-preview:-1","AdministrativeArea; Answer; BreadcrumbList; City; ContactPoint; FAQPage; GeoCoordinates; ImageObject; ListItem; Offer; OpeningHoursSpecification; PostalAddress; Question; Service; ServiceChannel; UnitPriceSpecification; WebPage; WebSite; ['Organization', 'LocalBusiness', 'HomeAndConstructionBusiness']",7,2,124030,1928,
https://sk-rosa.ru/plastering-voskresensk,200,https://sk-rosa.ru/plastering-voskresensk,Штукатурка стен в Воскресенске от 600 ₽/м² | ROSA,49,"Машинная штукатурка стен в Воскресенске: гипсовая и цементная, по маякам. От 600 ₽/м², гарантия от 2 лет, договор и акт.",120,Механизированная штукатурка стен в Воскресенске,"index, follow, max-image-preview:large, max-snippet:-1, max-video-preview:-1","AdministrativeArea; Answer; BreadcrumbList; City; ContactPoint; FAQPage; GeoCoordinates; ImageObject; ListItem; Offer; OpeningHoursSpecification; PostalAddress; Question; Service; ServiceChannel; UnitPriceSpecification; WebPage; WebSite; ['Organization', 'LocalBusiness', 'HomeAndConstructionBusiness']",9,2,124105,1938,
https://sk-rosa.ru/plastering-golitsyino,200,https://sk-rosa.ru/plastering-golitsyino,Штукатурка стен в Голицыно от 600 ₽/м² | ROSA,45,"Машинная штукатурка стен в Голицыно: гипсовая и цементная, по маякам. От 600 ₽/м², гарантия от 2 лет, договор и акт.",116,Механизированная штукатурка стен в Голицыно,"index, follow, max-image-preview:large, max-snippet:-1, max-video-preview:-1","AdministrativeArea; Answer; BreadcrumbList; City; ContactPoint; FAQPage; GeoCoordinates; ImageObject; ListItem; Offer; OpeningHoursSpecification; PostalAddress; Question; Service; ServiceChannel; UnitPriceSpecification; WebPage; WebSite; ['Organization', 'LocalBusiness', 'HomeAndConstructionBusiness']",10,2,123769,1937,
https://sk-rosa.ru/plastering-dmitrov,200,https://sk-rosa.ru/plastering-dmitrov,Штукатурка стен в Дмитрове от 600 ₽/м² | ROSA,45,"Машинная штукатурка стен в Дмитрове: гипсовая и цементная, по маякам. От 600 ₽/м², гарантия от 2 лет, договор и акт.",116,Механизированная штукатурка стен в Дмитрове,"index, follow, max-image-preview:large, max-snippet:-1, max-video-preview:-1","AdministrativeArea; Answer; BreadcrumbList; City; ContactPoint; FAQPage; GeoCoordinates; ImageObject; ListItem; Offer; OpeningHoursSpecification; PostalAddress; Question; Service; ServiceChannel; UnitPriceSpecification; WebPage; WebSite; ['Organization', 'LocalBusiness', 'HomeAndConstructionBusiness']",9,2,123427,1919,
https://sk-rosa.ru/plastering-egorievsk,200,https://sk-rosa.ru/plastering-egorievsk,Штукатурка стен в Егорьевске от 600 ₽/м² | ROSA,47,"Машинная штукатурка стен в Егорьевске: гипсовая и цементная, по маякам. От 600 ₽/м², гарантия от 2 лет, договор и акт.",118,Механизированная штукатурка стен в Егорьевске,"index, follow, max-image-preview:large, max-snippet:-1, max-video-preview:-1","AdministrativeArea; Answer; BreadcrumbList; City; ContactPoint; FAQPage; GeoCoordinates; ImageObject; ListItem; Offer; OpeningHoursSpecification; PostalAddress; Question; Service; ServiceChannel; UnitPriceSpecification; WebPage; WebSite; ['Organization', 'LocalBusiness', 'HomeAndConstructionBusiness']",9,2,123806,1923,
https://sk-rosa.ru/plastering-zheleznodorozhny,200,https://sk-rosa.ru/plastering-zheleznodorozhny,Штукатурка стен в Железнодорожном от 600 ₽/м² | ROSA,52,"Штукатурка старых стен в Железнодорожном от 600 ₽/м². Снятие непрочных слоёв, проверка кирпича и бетона, трещин и совместимости основания.",138,Механизированная штукатурка стен в Железнодорожном,"index, follow, max-image-preview:large, max-snippet:-1, max-video-preview:-1","AdministrativeArea; Answer; BreadcrumbList; City; ContactPoint; FAQPage; GeoCoordinates; ImageObject; ListItem; Offer; OpeningHoursSpecification; PostalAddress; Question; Service; ServiceChannel; UnitPriceSpecification; WebPage; WebSite; ['Organization', 'LocalBusiness', 'HomeAndConstructionBusiness']",7,2,117754,1528,
https://sk-rosa.ru/plastering-zhukovsky,200,https://sk-rosa.ru/plastering-zhukovsky,Штукатурка стен в Жуковском от 600 ₽/м² | ROSA,46,"Машинная штукатурка стен в Жуковском: гипсовая и цементная, по маякам. От 600 ₽/м², гарантия от 2 лет, договор и акт.",117,Механизированная штукатурка стен в Жуковском,"index, follow, max-image-preview:large, max-snippet:-1, max-video-preview:-1","AdministrativeArea; Answer; BreadcrumbList; City; ContactPoint; FAQPage; GeoCoordinates; ImageObject; ListItem; Offer; OpeningHoursSpecification; PostalAddress; Question; Service; ServiceChannel; UnitPriceSpecification; WebPage; WebSite; ['Organization', 'LocalBusiness', 'HomeAndConstructionBusiness']",9,2,123680,1925,
https://sk-rosa.ru/plastering-zaraysk,200,https://sk-rosa.ru/plastering-zaraysk,Штукатурка стен в Зарайске от 600 ₽/м² | ROSA,45,"Машинная штукатурка стен в Зарайске: гипсовая и цементная, по маякам. От 600 ₽/м², гарантия от 2 лет, договор и акт.",116,Механизированная штукатурка стен в Зарайске,"index, follow, max-image-preview:large, max-snippet:-1, max-video-preview:-1","AdministrativeArea; Answer; BreadcrumbList; City; ContactPoint; FAQPage; GeoCoordinates; ImageObject; ListItem; Offer; OpeningHoursSpecification; PostalAddress; Question; Service; ServiceChannel; UnitPriceSpecification; WebPage; WebSite; ['Organization', 'LocalBusiness', 'HomeAndConstructionBusiness']",9,2,123400,1918,
https://sk-rosa.ru/plastering-zvenigorod,200,https://sk-rosa.ru/plastering-zvenigorod,Штукатурка стен в Звенигороде от 600 ₽/м² | ROSA,48,"Фасадная штукатурка в Звенигороде от 600 ₽/м². Проверка основания, цоколя и примыканий, погодные условия, пробный участок и защита от воды.",139,Механизированная штукатурка стен в Звенигороде,"index, follow, max-image-preview:large, max-snippet:-1, max-video-preview:-1","AdministrativeArea; Answer; BreadcrumbList; City; ContactPoint; FAQPage; GeoCoordinates; ImageObject; ListItem; Offer; OpeningHoursSpecification; PostalAddress; Question; Service; ServiceChannel; UnitPriceSpecification; WebPage; WebSite; ['Organization', 'LocalBusiness', 'HomeAndConstructionBusiness']",10,2,116989,1510,
https://sk-rosa.ru/plastering-ivanteevka,200,https://sk-rosa.ru/plastering-ivanteevka,Штукатурка стен в Ивантеевке от 600 ₽/м² | ROSA,47,"Машинная штукатурка стен в Ивантеевке: гипсовая и цементная, по маякам. От 600 ₽/м², гарантия от 2 лет, договор и акт.",118,Механизированная штукатурка стен в Ивантеевке,"index, follow, max-image-preview:large, max-snippet:-1, max-video-preview:-1","AdministrativeArea; Answer; BreadcrumbList; City; ContactPoint; FAQPage; GeoCoordinates; ImageObject; ListItem; Offer; OpeningHoursSpecification; PostalAddress; Question; Service; ServiceChannel; UnitPriceSpecification; WebPage; WebSite; ['Organization', 'LocalBusiness', 'HomeAndConstructionBusiness']",9,2,123784,1927,
https://sk-rosa.ru/plastering-kashira,200,https://sk-rosa.ru/plastering-kashira,Штукатурка стен в Кашире от 600 ₽/м² | ROSA,43,"Машинная штукатурка стен в Кашире: гипсовая и цементная, по маякам. От 600 ₽/м², гарантия от 2 лет, договор и акт.",114,Механизированная штукатурка стен в Кашире,"index, follow, max-image-preview:large, max-snippet:-1, max-video-preview:-1","AdministrativeArea; Answer; BreadcrumbList; City; ContactPoint; FAQPage; GeoCoordinates; ImageObject; ListItem; Offer; OpeningHoursSpecification; PostalAddress; Question; Service; ServiceChannel; UnitPriceSpecification; WebPage; WebSite; ['Organization', 'LocalBusiness', 'HomeAndConstructionBusiness']",8,2,123429,1937,
https://sk-rosa.ru/plastering-kolomna,200,https://sk-rosa.ru/plastering-kolomna,Штукатурка стен в Коломне от 600 ₽/м² | ROSA,44,"Машинная штукатурка стен в Коломне: гипсовая и цементная, по маякам. От 600 ₽/м², гарантия от 2 лет, договор и акт.",115,Механизированная штукатурка стен в Коломне,"index, follow, max-image-preview:large, max-snippet:-1, max-video-preview:-1","AdministrativeArea; Answer; BreadcrumbList; City; ContactPoint; FAQPage; GeoCoordinates; ImageObject; ListItem; Offer; OpeningHoursSpecification; PostalAddress; Question; Service; ServiceChannel; UnitPriceSpecification; WebPage; WebSite; ['Organization', 'LocalBusiness', 'HomeAndConstructionBusiness']",12,2,123472,1928,
https://sk-rosa.ru/plastering-losino-petrovsky,200,https://sk-rosa.ru/plastering-losino-petrovsky,Штукатурка стен в Лосино-Петровском от 600 ₽/м² | ROSA,54,"Штукатурка дома в Лосино-Петровском от 600 ₽/м² перед отопительным сезоном. Тёплый контур, влажность кладки, просушка и очередность помещений.",142,Механизированная штукатурка стен в Лосино-Петровском,"index, follow, max-image-preview:large, max-snippet:-1, max-video-preview:-1","AdministrativeArea; Answer; BreadcrumbList; City; ContactPoint; FAQPage; GeoCoordinates; ImageObject; ListItem; Offer; OpeningHoursSpecification; PostalAddress; Question; Service; ServiceChannel; UnitPriceSpecification; WebPage; WebSite; ['Organization', 'LocalBusiness', 'HomeAndConstructionBusiness']",7,2,117906,1522,
https://sk-rosa.ru/plastering-lukhovitsy,200,https://sk-rosa.ru/plastering-lukhovitsy,Штукатурка стен в Луховицах от 600 ₽/м² | ROSA,46,"Машинная штукатурка стен в Луховицах: гипсовая и цементная, по маякам. От 600 ₽/м², гарантия от 2 лет, договор и акт.",117,Механизированная штукатурка стен в Луховицах,"index, follow, max-image-preview:large, max-snippet:-1, max-video-preview:-1","AdministrativeArea; Answer; BreadcrumbList; City; ContactPoint; FAQPage; GeoCoordinates; ImageObject; ListItem; Offer; OpeningHoursSpecification; PostalAddress; Question; Service; ServiceChannel; UnitPriceSpecification; WebPage; WebSite; ['Organization', 'LocalBusiness', 'HomeAndConstructionBusiness']",8,2,123525,1916,
https://sk-rosa.ru/plastering-malakhovka,200,https://sk-rosa.ru/plastering-malakhovka,Штукатурка стен в Малаховке от 600 ₽/м² | ROSA,46,"Машинная штукатурка стен в Малаховке: гипсовая и цементная, по маякам. От 600 ₽/м², гарантия от 2 лет, договор и акт.",117,Механизированная штукатурка стен в Малаховке,"index, follow, max-image-preview:large, max-snippet:-1, max-video-preview:-1","AdministrativeArea; Answer; BreadcrumbList; City; ContactPoint; FAQPage; GeoCoordinates; ImageObject; ListItem; Offer; OpeningHoursSpecification; PostalAddress; Question; Service; ServiceChannel; UnitPriceSpecification; WebPage; WebSite; ['Organization', 'LocalBusiness', 'HomeAndConstructionBusiness']",6,2,123578,1915,
https://sk-rosa.ru/plastering-monino,200,https://sk-rosa.ru/plastering-monino,Штукатурка стен в Монино от 600 ₽/м² | ROSA,43,"Машинная штукатурка стен в Монино: гипсовая и цементная, по маякам. От 600 ₽/м², гарантия от 2 лет, договор и акт.",114,Механизированная штукатурка стен в Монино,"index, follow, max-image-preview:large, max-snippet:-1, max-video-preview:-1","AdministrativeArea; Answer; BreadcrumbList; City; ContactPoint; FAQPage; GeoCoordinates; ImageObject; ListItem; Offer; OpeningHoursSpecification; PostalAddress; Question; Service; ServiceChannel; UnitPriceSpecification; WebPage; WebSite; ['Organization', 'LocalBusiness', 'HomeAndConstructionBusiness']",11,2,123234,1915,
https://sk-rosa.ru/plastering-orekhovo-zuevo,200,https://sk-rosa.ru/plastering-orekhovo-zuevo,Штукатурка стен в Орехово-Зуево от 600 ₽/м² | ROSA,50,"Машинная штукатурка стен в Орехово-Зуево: гипсовая и цементная, по маякам. От 600 ₽/м², гарантия от 2 лет, договор и акт.",121,Механизированная штукатурка стен в Орехово-Зуево,"index, follow, max-image-preview:large, max-snippet:-1, max-video-preview:-1","AdministrativeArea; Answer; BreadcrumbList; City; ContactPoint; FAQPage; GeoCoordinates; ImageObject; ListItem; Offer; OpeningHoursSpecification; PostalAddress; Question; Service; ServiceChannel; UnitPriceSpecification; WebPage; WebSite; ['Organization', 'LocalBusiness', 'HomeAndConstructionBusiness']",8,2,124261,1930,
https://sk-rosa.ru/plastering-serpukhov,200,https://sk-rosa.ru/plastering-serpukhov,Штукатурка стен в Серпухове от 600 ₽/м² | ROSA,46,"Машинная штукатурка стен в Серпухове: гипсовая и цементная, по маякам. От 600 ₽/м², гарантия от 2 лет, договор и акт.",117,Механизированная штукатурка стен в Серпухове,"index, follow, max-image-preview:large, max-snippet:-1, max-video-preview:-1","AdministrativeArea; Answer; BreadcrumbList; City; ContactPoint; FAQPage; GeoCoordinates; ImageObject; ListItem; Offer; OpeningHoursSpecification; PostalAddress; Question; Service; ServiceChannel; UnitPriceSpecification; WebPage; WebSite; ['Organization', 'LocalBusiness', 'HomeAndConstructionBusiness']",8,2,123715,1932,
https://sk-rosa.ru/plastering-solnechnogorsk,200,https://sk-rosa.ru/plastering-solnechnogorsk,Штукатурка стен в Солнечногорске от 600 ₽/м² | ROSA,51,"Машинная штукатурка стен в Солнечногорске: гипсовая и цементная, по маякам. От 600 ₽/м², гарантия от 2 лет, договор и акт.",122,Механизированная штукатурка стен в Солнечногорске,"index, follow, max-image-preview:large, max-snippet:-1, max-video-preview:-1","AdministrativeArea; Answer; BreadcrumbList; City; ContactPoint; FAQPage; GeoCoordinates; ImageObject; ListItem; Offer; OpeningHoursSpecification; PostalAddress; Question; Service; ServiceChannel; UnitPriceSpecification; WebPage; WebSite; ['Organization', 'LocalBusiness', 'HomeAndConstructionBusiness']",8,2,124133,1914,
https://sk-rosa.ru/plastering-staraya-kupavna,200,https://sk-rosa.ru/plastering-staraya-kupavna,Штукатурка стен в Старой Купавне от 600 ₽/м² | ROSA,51,"Машинная штукатурка стен в Старой Купавне: гипсовая и цементная, по маякам. От 600 ₽/м², гарантия от 2 лет, договор и акт.",122,Механизированная штукатурка стен в Старой Купавне,"index, follow, max-image-preview:large, max-snippet:-1, max-video-preview:-1","AdministrativeArea; Answer; BreadcrumbList; City; ContactPoint; FAQPage; GeoCoordinates; ImageObject; ListItem; Offer; OpeningHoursSpecification; PostalAddress; Question; Service; ServiceChannel; UnitPriceSpecification; WebPage; WebSite; ['Organization', 'LocalBusiness', 'HomeAndConstructionBusiness']",8,2,124161,1936,
https://sk-rosa.ru/plastering-stupino,200,https://sk-rosa.ru/plastering-stupino,Штукатурка стен в Ступино от 600 ₽/м² | ROSA,44,"Машинная штукатурка стен в Ступино: гипсовая и цементная, по маякам. От 600 ₽/м², гарантия от 2 лет, договор и акт.",115,Механизированная штукатурка стен в Ступино,"index, follow, max-image-preview:large, max-snippet:-1, max-video-preview:-1","AdministrativeArea; Answer; BreadcrumbList; City; ContactPoint; FAQPage; GeoCoordinates; ImageObject; ListItem; Offer; OpeningHoursSpecification; PostalAddress; Question; Service; ServiceChannel; UnitPriceSpecification; WebPage; WebSite; ['Organization', 'LocalBusiness', 'HomeAndConstructionBusiness']",9,2,123267,1914,
https://sk-rosa.ru/plastering-troitsk,200,https://sk-rosa.ru/plastering-troitsk,Штукатурка стен в Троицке от 600 ₽/м² | ROSA,44,"Машинная штукатурка стен в Троицке: гипсовая и цементная, по маякам. От 600 ₽/м², гарантия от 2 лет, договор и акт.",115,Механизированная штукатурка стен в Троицке,"index, follow, max-image-preview:large, max-snippet:-1, max-video-preview:-1","AdministrativeArea; Answer; BreadcrumbList; City; ContactPoint; FAQPage; GeoCoordinates; ImageObject; ListItem; Offer; OpeningHoursSpecification; PostalAddress; Question; Service; ServiceChannel; UnitPriceSpecification; WebPage; WebSite; ['Organization', 'LocalBusiness', 'HomeAndConstructionBusiness']",7,2,123233,1910,
https://sk-rosa.ru/plastering-fryazino,200,https://sk-rosa.ru/plastering-fryazino,Штукатурка стен в Фрязино от 600 ₽/м² | ROSA,44,"Машинная штукатурка стен в Фрязино: гипсовая и цементная, по маякам. От 600 ₽/м², гарантия от 2 лет, договор и акт.",115,Механизированная штукатурка стен в Фрязино,"index, follow, max-image-preview:large, max-snippet:-1, max-video-preview:-1","AdministrativeArea; Answer; BreadcrumbList; City; ContactPoint; FAQPage; GeoCoordinates; ImageObject; ListItem; Offer; OpeningHoursSpecification; PostalAddress; Question; Service; ServiceChannel; UnitPriceSpecification; WebPage; WebSite; ['Organization', 'LocalBusiness', 'HomeAndConstructionBusiness']",7,2,123402,1922,
https://sk-rosa.ru/plastering-chekhov,200,https://sk-rosa.ru/plastering-chekhov,Штукатурка стен в Чехове от 600 ₽/м² | ROSA,43,"Штукатурка стен дома в Чехове от 600 ₽/м². Карта перепадов кладки, расчёт толстых слоёв, подготовка стыков материалов и поэтапная приёмка.",138,Механизированная штукатурка стен в Чехове,"index, follow, max-image-preview:large, max-snippet:-1, max-video-preview:-1","AdministrativeArea; Answer; BreadcrumbList; City; ContactPoint; FAQPage; GeoCoordinates; ImageObject; ListItem; Offer; OpeningHoursSpecification; PostalAddress; Question; Service; ServiceChannel; UnitPriceSpecification; WebPage; WebSite; ['Organization', 'LocalBusiness', 'HomeAndConstructionBusiness']",8,2,117383,1556,
https://sk-rosa.ru/plastering-korolev,200,https://sk-rosa.ru/plastering-korolev,Штукатурка стен в Королёве от 600 ₽/м² | ROSA,45,"Штукатурка стен в Королёве от 600 ₽/м². Геометрия под кухню, двери и встроенную мебель, карта требований, контроль углов и приёмка правилом.",140,Механизированная штукатурка стен в Королёве,"index, follow, max-image-preview:large, max-snippet:-1, max-video-preview:-1","AdministrativeArea; Answer; BreadcrumbList; City; ContactPoint; FAQPage; GeoCoordinates; ImageObject; ListItem; Offer; OpeningHoursSpecification; PostalAddress; Question; Service; ServiceChannel; UnitPriceSpecification; WebPage; WebSite; ['Organization', 'LocalBusiness', 'HomeAndConstructionBusiness']",11,2,117229,1559,
https://sk-rosa.ru/plastering-sergiev-posad,200,https://sk-rosa.ru/plastering-sergiev-posad,Штукатурка стен в Сергиевом Посаде от 600 ₽/м² | ROSA,53,"Машинная штукатурка стен в Сергиевом Посаде: гипсовая и цементная, по маякам. От 600 ₽/м², гарантия от 2 лет, договор и акт.",124,Механизированная штукатурка стен в Сергиевом Посаде,"index, follow, max-image-preview:large, max-snippet:-1, max-video-preview:-1","AdministrativeArea; Answer; BreadcrumbList; City; ContactPoint; FAQPage; GeoCoordinates; ImageObject; ListItem; Offer; OpeningHoursSpecification; PostalAddress; Question; Service; ServiceChannel; UnitPriceSpecification; WebPage; WebSite; ['Organization', 'LocalBusiness', 'HomeAndConstructionBusiness']",6,2,124769,1961,
https://sk-rosa.ru/plastering-odintsovo,200,https://sk-rosa.ru/plastering-odintsovo,Штукатурка стен в Одинцово от 600 ₽/м² | ROSA,45,"Машинная штукатурка стен в Одинцово: гипсовая и цементная, по маякам. От 600 ₽/м², гарантия от 2 лет, договор и акт.",116,Механизированная штукатурка стен в Одинцово,"index, follow, max-image-preview:large, max-snippet:-1, max-video-preview:-1","AdministrativeArea; Answer; BreadcrumbList; City; ContactPoint; FAQPage; GeoCoordinates; ImageObject; ListItem; Offer; OpeningHoursSpecification; PostalAddress; Question; Service; ServiceChannel; UnitPriceSpecification; WebPage; WebSite; ['Organization', 'LocalBusiness', 'HomeAndConstructionBusiness']",12,2,123599,1930,
https://sk-rosa.ru/plastering-reutov,200,https://sk-rosa.ru/plastering-reutov,Штукатурка стен в Реутове от 600 ₽/м² | ROSA,44,"Машинная штукатурка стен в Реутове: гипсовая и цементная, по маякам. От 600 ₽/м², гарантия от 2 лет, договор и акт.",115,Механизированная штукатурка стен в Реутове,"index, follow, max-image-preview:large, max-snippet:-1, max-video-preview:-1","AdministrativeArea; Answer; BreadcrumbList; City; ContactPoint; FAQPage; GeoCoordinates; ImageObject; ListItem; Offer; OpeningHoursSpecification; PostalAddress; Question; Service; ServiceChannel; UnitPriceSpecification; WebPage; WebSite; ['Organization', 'LocalBusiness', 'HomeAndConstructionBusiness']",9,2,123536,1936,
https://sk-rosa.ru/plastering-lobnya,200,https://sk-rosa.ru/plastering-lobnya,Штукатурка стен в Лобне от 600 ₽/м² | ROSA,42,"Машинная штукатурка стен в Лобне: гипсовая и цементная, по маякам. От 600 ₽/м², гарантия от 2 лет, договор и акт.",113,Механизированная штукатурка стен в Лобне,"index, follow, max-image-preview:large, max-snippet:-1, max-video-preview:-1","AdministrativeArea; Answer; BreadcrumbList; City; ContactPoint; FAQPage; GeoCoordinates; ImageObject; ListItem; Offer; OpeningHoursSpecification; PostalAddress; Question; Service; ServiceChannel; UnitPriceSpecification; WebPage; WebSite; ['Organization', 'LocalBusiness', 'HomeAndConstructionBusiness']",10,2,123375,1944,
https://sk-rosa.ru/floor-screed-balashikha,200,https://sk-rosa.ru/floor-screed-balashikha,Стяжка пола в Балашихе от 900 ₽/м² | ROSA,41,"Полусухая и цементная стяжка пола в Балашихе. От 900 ₽/м², лазерный контроль, гарантия 3 года, договор и акт.",109,Механизированная стяжка пола в Балашихе,"index, follow, max-image-preview:large, max-snippet:-1, max-video-preview:-1","AdministrativeArea; Answer; BreadcrumbList; City; ContactPoint; FAQPage; GeoCoordinates; ImageObject; ListItem; Offer; OpeningHoursSpecification; PostalAddress; Question; Service; ServiceChannel; UnitPriceSpecification; WebPage; WebSite; ['Organization', 'LocalBusiness', 'HomeAndConstructionBusiness']",11,2,101997,1760,
https://sk-rosa.ru/floor-screed-khimki,200,https://sk-rosa.ru/floor-screed-khimki,Стяжка пола в Химках от 900 ₽/м² | ROSA,39,"Полусухая и цементная стяжка пола в Химках. От 900 ₽/м², лазерный контроль, гарантия 3 года, договор и акт.",107,Механизированная стяжка пола в Химках,"index, follow, max-image-preview:large, max-snippet:-1, max-video-preview:-1","AdministrativeArea; Answer; BreadcrumbList; City; ContactPoint; FAQPage; GeoCoordinates; ImageObject; ListItem; Offer; OpeningHoursSpecification; PostalAddress; Question; Service; ServiceChannel; UnitPriceSpecification; WebPage; WebSite; ['Organization', 'LocalBusiness', 'HomeAndConstructionBusiness']",10,2,101564,1750,
https://sk-rosa.ru/floor-screed-podolsk,200,https://sk-rosa.ru/floor-screed-podolsk,Стяжка пола в Подольске от 900 ₽/м² | ROSA,42,"Стяжка пола в Подольске от 900 ₽/м². Карта высот, расчёт слоя над тёплым полом, демпферные швы и лазерная проверка перед укладкой покрытия.",139,Механизированная стяжка пола в Подольске,"index, follow, max-image-preview:large, max-snippet:-1, max-video-preview:-1","AdministrativeArea; Answer; BreadcrumbList; City; ContactPoint; FAQPage; GeoCoordinates; ImageObject; ListItem; Offer; OpeningHoursSpecification; PostalAddress; Question; Service; ServiceChannel; UnitPriceSpecification; WebPage; WebSite; ['Organization', 'LocalBusiness', 'HomeAndConstructionBusiness']",11,2,96369,1409,
https://sk-rosa.ru/floor-screed-lyubertsy,200,https://sk-rosa.ru/floor-screed-lyubertsy,Стяжка пола в Люберцах от 900 ₽/м² | ROSA,41,"Полусухая и цементная стяжка пола в Люберцах. От 900 ₽/м², лазерный контроль, гарантия 3 года, договор и акт.",109,Механизированная стяжка пола в Люберцах,"index, follow, max-image-preview:large, max-snippet:-1, max-video-preview:-1","AdministrativeArea; Answer; BreadcrumbList; City; ContactPoint; FAQPage; GeoCoordinates; ImageObject; ListItem; Offer; OpeningHoursSpecification; PostalAddress; Question; Service; ServiceChannel; UnitPriceSpecification; WebPage; WebSite; ['Organization', 'LocalBusiness', 'HomeAndConstructionBusiness']",14,2,101666,1747,
https://sk-rosa.ru/floor-screed-mytishchi,200,https://sk-rosa.ru/floor-screed-mytishchi,Стяжка пола в Мытищах от 900 ₽/м² | ROSA,40,"Полусухая и цементная стяжка пола в Мытищах. От 900 ₽/м², лазерный контроль, гарантия 3 года, договор и акт.",108,Механизированная стяжка пола в Мытищах,"index, follow, max-image-preview:large, max-snippet:-1, max-video-preview:-1","AdministrativeArea; Answer; BreadcrumbList; City; ContactPoint; FAQPage; GeoCoordinates; ImageObject; ListItem; Offer; OpeningHoursSpecification; PostalAddress; Question; Service; ServiceChannel; UnitPriceSpecification; WebPage; WebSite; ['Organization', 'LocalBusiness', 'HomeAndConstructionBusiness']",10,2,101727,1752,
https://sk-rosa.ru/floor-screed-krasnogorsk,200,https://sk-rosa.ru/floor-screed-krasnogorsk,Стяжка пола в Красногорске от 900 ₽/м² | ROSA,45,"Полусухая и цементная стяжка пола в Красногорске. От 900 ₽/м², лазерный контроль, гарантия 3 года, договор и акт.",113,Механизированная стяжка пола в Красногорске,"index, follow, max-image-preview:large, max-snippet:-1, max-video-preview:-1","AdministrativeArea; Answer; BreadcrumbList; City; ContactPoint; FAQPage; GeoCoordinates; ImageObject; ListItem; Offer; OpeningHoursSpecification; PostalAddress; Question; Service; ServiceChannel; UnitPriceSpecification; WebPage; WebSite; ['Organization', 'LocalBusiness', 'HomeAndConstructionBusiness']",10,2,102371,1761,
https://sk-rosa.ru/floor-screed-elektrostal,200,https://sk-rosa.ru/floor-screed-elektrostal,Стяжка пола в Электростали от 900 ₽/м² | ROSA,45,"Полусухая и цементная стяжка пола в Электростали. От 900 ₽/м², лазерный контроль, гарантия 3 года, договор и акт.",113,Механизированная стяжка пола в Электростали,"index, follow, max-image-preview:large, max-snippet:-1, max-video-preview:-1","AdministrativeArea; Answer; BreadcrumbList; City; ContactPoint; FAQPage; GeoCoordinates; ImageObject; ListItem; Offer; OpeningHoursSpecification; PostalAddress; Question; Service; ServiceChannel; UnitPriceSpecification; WebPage; WebSite; ['Organization', 'LocalBusiness', 'HomeAndConstructionBusiness']",9,2,102054,1737,
https://sk-rosa.ru/floor-screed-vidnoe,200,https://sk-rosa.ru/floor-screed-vidnoe,Стяжка пола в Видном от 900 ₽/м² | ROSA,39,"Полусухая и цементная стяжка пола в Видном. От 900 ₽/м², лазерный контроль, гарантия 3 года, договор и акт.",107,Механизированная стяжка пола в Видном,"index, follow, max-image-preview:large, max-snippet:-1, max-video-preview:-1","AdministrativeArea; Answer; BreadcrumbList; City; ContactPoint; FAQPage; GeoCoordinates; ImageObject; ListItem; Offer; OpeningHoursSpecification; PostalAddress; Question; Service; ServiceChannel; UnitPriceSpecification; WebPage; WebSite; ['Organization', 'LocalBusiness', 'HomeAndConstructionBusiness']",8,2,101404,1748,
https://sk-rosa.ru/floor-screed-domodedovo,200,https://sk-rosa.ru/floor-screed-domodedovo,Стяжка пола в Домодедове от 900 ₽/м² | ROSA,43,"Стяжка пола в Домодедове от 900 ₽/м². Выбор технологии по толщине и нагрузке, организация подачи смеси, защита общих зон и лазерная приёмка.",140,Механизированная стяжка пола в Домодедове,"index, follow, max-image-preview:large, max-snippet:-1, max-video-preview:-1","AdministrativeArea; Answer; BreadcrumbList; City; ContactPoint; FAQPage; GeoCoordinates; ImageObject; ListItem; Offer; OpeningHoursSpecification; PostalAddress; Question; Service; ServiceChannel; UnitPriceSpecification; WebPage; WebSite; ['Organization', 'LocalBusiness', 'HomeAndConstructionBusiness']",10,2,96068,1363,
https://sk-rosa.ru/floor-screed-dolgoprudny,200,https://sk-rosa.ru/floor-screed-dolgoprudny,Стяжка пола в Долгопрудном от 900 ₽/м² | ROSA,45,"Стяжка пола в Долгопрудном от 900 ₽/м². Логистика в жилом доме, маршрут подачи смеси, защита подъезда, карта уровней и план уборки.",131,Механизированная стяжка пола в Долгопрудном,"index, follow, max-image-preview:large, max-snippet:-1, max-video-preview:-1","AdministrativeArea; Answer; BreadcrumbList; City; ContactPoint; FAQPage; GeoCoordinates; ImageObject; ListItem; Offer; OpeningHoursSpecification; PostalAddress; Question; Service; ServiceChannel; UnitPriceSpecification; WebPage; WebSite; ['Organization', 'LocalBusiness', 'HomeAndConstructionBusiness']",11,2,95921,1367,
https://sk-rosa.ru/floor-screed-shchelkovo,200,https://sk-rosa.ru/floor-screed-shchelkovo,Стяжка пола в Щёлкове от 900 ₽/м² | ROSA,40,"Полусухая и цементная стяжка пола в Щёлкове. От 900 ₽/м², лазерный контроль, гарантия 3 года, договор и акт.",108,Механизированная стяжка пола в Щёлкове,"index, follow, max-image-preview:large, max-snippet:-1, max-video-preview:-1","AdministrativeArea; Answer; BreadcrumbList; City; ContactPoint; FAQPage; GeoCoordinates; ImageObject; ListItem; Offer; OpeningHoursSpecification; PostalAddress; Question; Service; ServiceChannel; UnitPriceSpecification; WebPage; WebSite; ['Organization', 'LocalBusiness', 'HomeAndConstructionBusiness']",11,2,101570,1741,
https://sk-rosa.ru/floor-screed-pushkino,200,https://sk-rosa.ru/floor-screed-pushkino,Стяжка пола в Пушкине от 900 ₽/м² | ROSA,40,"Полусухая и цементная стяжка пола в Пушкине. От 900 ₽/м², лазерный контроль, гарантия 3 года, договор и акт.",108,Механизированная стяжка пола в Пушкине,"index, follow, max-image-preview:large, max-snippet:-1, max-video-preview:-1","AdministrativeArea; Answer; BreadcrumbList; City; ContactPoint; FAQPage; GeoCoordinates; ImageObject; ListItem; Offer; OpeningHoursSpecification; PostalAddress; Question; Service; ServiceChannel; UnitPriceSpecification; WebPage; WebSite; ['Organization', 'LocalBusiness', 'HomeAndConstructionBusiness']",11,2,101581,1745,
https://sk-rosa.ru/floor-screed-ramenskoe,200,https://sk-rosa.ru/floor-screed-ramenskoe,Стяжка пола в Раменском от 900 ₽/м² | ROSA,42,"Стяжка пола большого дома в Раменском от 900 ₽/м². Разбивка площади, швы, тёплый пол, контроль отметок и график заливки по захваткам.",133,Механизированная стяжка пола в Раменском,"index, follow, max-image-preview:large, max-snippet:-1, max-video-preview:-1","AdministrativeArea; Answer; BreadcrumbList; City; ContactPoint; FAQPage; GeoCoordinates; ImageObject; ListItem; Offer; OpeningHoursSpecification; PostalAddress; Question; Service; ServiceChannel; UnitPriceSpecification; WebPage; WebSite; ['Organization', 'LocalBusiness', 'HomeAndConstructionBusiness']",10,2,94893,1327,
https://sk-rosa.ru/floor-screed-noginsk,200,https://sk-rosa.ru/floor-screed-noginsk,Стяжка пола в Ногинске от 900 ₽/м² | ROSA,41,"Полусухая и цементная стяжка пола в Ногинске. От 900 ₽/м², лазерный контроль, гарантия 3 года, договор и акт.",109,Механизированная стяжка пола в Ногинске,"index, follow, max-image-preview:large, max-snippet:-1, max-video-preview:-1","AdministrativeArea; Answer; BreadcrumbList; City; ContactPoint; FAQPage; GeoCoordinates; ImageObject; ListItem; Offer; OpeningHoursSpecification; PostalAddress; Question; Service; ServiceChannel; UnitPriceSpecification; WebPage; WebSite; ['Organization', 'LocalBusiness', 'HomeAndConstructionBusiness']",11,2,101625,1739,
https://sk-rosa.ru/floor-screed-istra,200,https://sk-rosa.ru/floor-screed-istra,Стяжка пола в Истре от 900 ₽/м² | ROSA,38,"Полусухая и цементная стяжка пола в Истре. От 900 ₽/м², лазерный контроль, гарантия 3 года, договор и акт.",106,Механизированная стяжка пола в Истре,"index, follow, max-image-preview:large, max-snippet:-1, max-video-preview:-1","AdministrativeArea; Answer; BreadcrumbList; City; ContactPoint; FAQPage; GeoCoordinates; ImageObject; ListItem; Offer; OpeningHoursSpecification; PostalAddress; Question; Service; ServiceChannel; UnitPriceSpecification; WebPage; WebSite; ['Organization', 'LocalBusiness', 'HomeAndConstructionBusiness']",10,2,101366,1746,
https://sk-rosa.ru/floor-screed-naro-fominsk,200,https://sk-rosa.ru/floor-screed-naro-fominsk,Стяжка пола в Наро-Фоминске от 900 ₽/м² | ROSA,46,"Полусухая и цементная стяжка пола в Наро-Фоминске. От 900 ₽/м², лазерный контроль, гарантия 3 года, договор и акт.",114,Механизированная стяжка пола в Наро-Фоминске,"index, follow, max-image-preview:large, max-snippet:-1, max-video-preview:-1","AdministrativeArea; Answer; BreadcrumbList; City; ContactPoint; FAQPage; GeoCoordinates; ImageObject; ListItem; Offer; OpeningHoursSpecification; PostalAddress; Question; Service; ServiceChannel; UnitPriceSpecification; WebPage; WebSite; ['Organization', 'LocalBusiness', 'HomeAndConstructionBusiness']",9,2,102126,1742,
https://sk-rosa.ru/floor-screed-aprelevka,200,https://sk-rosa.ru/floor-screed-aprelevka,Стяжка пола в Апрелевке от 900 ₽/м² | ROSA,42,"Полусухая и цементная стяжка пола в Апрелевке. От 900 ₽/м², лазерный контроль, гарантия 3 года, договор и акт.",110,Механизированная стяжка пола в Апрелевке,"index, follow, max-image-preview:large, max-snippet:-1, max-video-preview:-1","AdministrativeArea; Answer; BreadcrumbList; City; ContactPoint; FAQPage; GeoCoordinates; ImageObject; ListItem; Offer; OpeningHoursSpecification; PostalAddress; Question; Service; ServiceChannel; UnitPriceSpecification; WebPage; WebSite; ['Organization', 'LocalBusiness', 'HomeAndConstructionBusiness']",8,2,101786,1741,
https://sk-rosa.ru/floor-screed-bronnitsy,200,https://sk-rosa.ru/floor-screed-bronnitsy,Стяжка пола в Бронницах от 900 ₽/м² | ROSA,42,"Тонкослойное выравнивание пола в Бронницах от 900 ₽/м². Проверка доступной высоты, прочности основания, порогов и совместимости смеси с покрытием.",146,Механизированная стяжка пола в Бронницах,"index, follow, max-image-preview:large, max-snippet:-1, max-video-preview:-1","AdministrativeArea; Answer; BreadcrumbList; City; ContactPoint; FAQPage; GeoCoordinates; ImageObject; ListItem; Offer; OpeningHoursSpecification; PostalAddress; Question; Service; ServiceChannel; UnitPriceSpecification; WebPage; WebSite; ['Organization', 'LocalBusiness', 'HomeAndConstructionBusiness']",10,2,95125,1300,
https://sk-rosa.ru/floor-screed-volokolamsk,200,https://sk-rosa.ru/floor-screed-volokolamsk,Стяжка пола в Волоколамске от 900 ₽/м² | ROSA,45,"Полусухая и цементная стяжка пола в Волоколамске. От 900 ₽/м², лазерный контроль, гарантия 3 года, договор и акт.",113,Механизированная стяжка пола в Волоколамске,"index, follow, max-image-preview:large, max-snippet:-1, max-video-preview:-1","AdministrativeArea; Answer; BreadcrumbList; City; ContactPoint; FAQPage; GeoCoordinates; ImageObject; ListItem; Offer; OpeningHoursSpecification; PostalAddress; Question; Service; ServiceChannel; UnitPriceSpecification; WebPage; WebSite; ['Organization', 'LocalBusiness', 'HomeAndConstructionBusiness']",7,2,102132,1745,
https://sk-rosa.ru/floor-screed-voskresensk,200,https://sk-rosa.ru/floor-screed-voskresensk,Стяжка пола в Воскресенске от 900 ₽/м² | ROSA,45,"Стяжка пола в Воскресенске от 900 ₽/м² для неотапливаемого помещения. Морозостойкая система, основание, вода, уклоны и сезонный режим работ.",140,Механизированная стяжка пола в Воскресенске,"index, follow, max-image-preview:large, max-snippet:-1, max-video-preview:-1","AdministrativeArea; Answer; BreadcrumbList; City; ContactPoint; FAQPage; GeoCoordinates; ImageObject; ListItem; Offer; OpeningHoursSpecification; PostalAddress; Question; Service; ServiceChannel; UnitPriceSpecification; WebPage; WebSite; ['Organization', 'LocalBusiness', 'HomeAndConstructionBusiness']",9,2,95383,1304,
https://sk-rosa.ru/floor-screed-golitsyino,200,https://sk-rosa.ru/floor-screed-golitsyino,Стяжка пола в Голицыно от 900 ₽/м² | ROSA,41,"Полусухая и цементная стяжка пола в Голицыно. От 900 ₽/м², лазерный контроль, гарантия 3 года, договор и акт.",109,Механизированная стяжка пола в Голицыно,"index, follow, max-image-preview:large, max-snippet:-1, max-video-preview:-1","AdministrativeArea; Answer; BreadcrumbList; City; ContactPoint; FAQPage; GeoCoordinates; ImageObject; ListItem; Offer; OpeningHoursSpecification; PostalAddress; Question; Service; ServiceChannel; UnitPriceSpecification; WebPage; WebSite; ['Organization', 'LocalBusiness', 'HomeAndConstructionBusiness']",10,2,101788,1748,
https://sk-rosa.ru/floor-screed-dmitrov,200,https://sk-rosa.ru/floor-screed-dmitrov,Стяжка пола в Дмитрове от 900 ₽/м² | ROSA,41,"Полусухая и цементная стяжка пола в Дмитрове. От 900 ₽/м², лазерный контроль, гарантия 3 года, договор и акт.",109,Механизированная стяжка пола в Дмитрове,"index, follow, max-image-preview:large, max-snippet:-1, max-video-preview:-1","AdministrativeArea; Answer; BreadcrumbList; City; ContactPoint; FAQPage; GeoCoordinates; ImageObject; ListItem; Offer; OpeningHoursSpecification; PostalAddress; Question; Service; ServiceChannel; UnitPriceSpecification; WebPage; WebSite; ['Organization', 'LocalBusiness', 'HomeAndConstructionBusiness']",9,2,101559,1732,
https://sk-rosa.ru/floor-screed-egorievsk,200,https://sk-rosa.ru/floor-screed-egorievsk,Стяжка пола в Егорьевске от 900 ₽/м² | ROSA,43,"Полусухая и цементная стяжка пола в Егорьевске. От 900 ₽/м², лазерный контроль, гарантия 3 года, договор и акт.",111,Механизированная стяжка пола в Егорьевске,"index, follow, max-image-preview:large, max-snippet:-1, max-video-preview:-1","AdministrativeArea; Answer; BreadcrumbList; City; ContactPoint; FAQPage; GeoCoordinates; ImageObject; ListItem; Offer; OpeningHoursSpecification; PostalAddress; Question; Service; ServiceChannel; UnitPriceSpecification; WebPage; WebSite; ['Organization', 'LocalBusiness', 'HomeAndConstructionBusiness']",9,2,101959,1743,
https://sk-rosa.ru/floor-screed-zheleznodorozhny,200,https://sk-rosa.ru/floor-screed-zheleznodorozhny,Стяжка пола в Железнодорожном от 900 ₽/м² | ROSA,48,"Полусухая и цементная стяжка пола в Железнодорожном. От 900 ₽/м², лазерный контроль, гарантия 3 года, договор и акт.",116,Механизированная стяжка пола в Железнодорожном,"index, follow, max-image-preview:large, max-snippet:-1, max-video-preview:-1","AdministrativeArea; Answer; BreadcrumbList; City; ContactPoint; FAQPage; GeoCoordinates; ImageObject; ListItem; Offer; OpeningHoursSpecification; PostalAddress; Question; Service; ServiceChannel; UnitPriceSpecification; WebPage; WebSite; ['Organization', 'LocalBusiness', 'HomeAndConstructionBusiness']",7,2,102558,1745,
https://sk-rosa.ru/floor-screed-zhukovsky,200,https://sk-rosa.ru/floor-screed-zhukovsky,Стяжка пола в Жуковском от 900 ₽/м² | ROSA,42,"Полусухая и цементная стяжка пола в Жуковском. От 900 ₽/м², лазерный контроль, гарантия 3 года, договор и акт.",110,Механизированная стяжка пола в Жуковском,"index, follow, max-image-preview:large, max-snippet:-1, max-video-preview:-1","AdministrativeArea; Answer; BreadcrumbList; City; ContactPoint; FAQPage; GeoCoordinates; ImageObject; ListItem; Offer; OpeningHoursSpecification; PostalAddress; Question; Service; ServiceChannel; UnitPriceSpecification; WebPage; WebSite; ['Organization', 'LocalBusiness', 'HomeAndConstructionBusiness']",9,2,101800,1746,
https://sk-rosa.ru/floor-screed-zaraysk,200,https://sk-rosa.ru/floor-screed-zaraysk,Стяжка пола в Зарайске от 900 ₽/м² | ROSA,41,"Стяжка пола в Зарайске от 900 ₽/м². Расчёт объёма для частного дома, подача смеси, деформационные зоны, уход и подготовка под чистовое покрытие.",144,Механизированная стяжка пола в Зарайске,"index, follow, max-image-preview:large, max-snippet:-1, max-video-preview:-1","AdministrativeArea; Answer; BreadcrumbList; City; ContactPoint; FAQPage; GeoCoordinates; ImageObject; ListItem; Offer; OpeningHoursSpecification; PostalAddress; Question; Service; ServiceChannel; UnitPriceSpecification; WebPage; WebSite; ['Organization', 'LocalBusiness', 'HomeAndConstructionBusiness']",9,2,96034,1387,
https://sk-rosa.ru/floor-screed-zvenigorod,200,https://sk-rosa.ru/floor-screed-zvenigorod,Стяжка пола в Звенигороде от 900 ₽/м² | ROSA,44,"Полусухая и цементная стяжка пола в Звенигороде. От 900 ₽/м², лазерный контроль, гарантия 3 года, договор и акт.",112,Механизированная стяжка пола в Звенигороде,"index, follow, max-image-preview:large, max-snippet:-1, max-video-preview:-1","AdministrativeArea; Answer; BreadcrumbList; City; ContactPoint; FAQPage; GeoCoordinates; ImageObject; ListItem; Offer; OpeningHoursSpecification; PostalAddress; Question; Service; ServiceChannel; UnitPriceSpecification; WebPage; WebSite; ['Organization', 'LocalBusiness', 'HomeAndConstructionBusiness']",10,2,101938,1740,
https://sk-rosa.ru/floor-screed-ivanteevka,200,https://sk-rosa.ru/floor-screed-ivanteevka,Стяжка пола в Ивантеевке от 900 ₽/м² | ROSA,43,"Полусухая и цементная стяжка пола в Ивантеевке. От 900 ₽/м², лазерный контроль, гарантия 3 года, договор и акт.",111,Механизированная стяжка пола в Ивантеевке,"index, follow, max-image-preview:large, max-snippet:-1, max-video-preview:-1","AdministrativeArea; Answer; BreadcrumbList; City; ContactPoint; FAQPage; GeoCoordinates; ImageObject; ListItem; Offer; OpeningHoursSpecification; PostalAddress; Question; Service; ServiceChannel; UnitPriceSpecification; WebPage; WebSite; ['Organization', 'LocalBusiness', 'HomeAndConstructionBusiness']",9,2,101930,1740,
https://sk-rosa.ru/floor-screed-kashira,200,https://sk-rosa.ru/floor-screed-kashira,Стяжка пола в Кашире от 900 ₽/м² | ROSA,39,"Стяжка пола в Кашире от 900 ₽/м². Расчёт пола для гаража и технических помещений: нагрузка, уклон, толщина, армирование и подготовка под покрытие.",146,Механизированная стяжка пола в Кашире,"index, follow, max-image-preview:large, max-snippet:-1, max-video-preview:-1","AdministrativeArea; Answer; BreadcrumbList; City; ContactPoint; FAQPage; GeoCoordinates; ImageObject; ListItem; Offer; OpeningHoursSpecification; PostalAddress; Question; Service; ServiceChannel; UnitPriceSpecification; WebPage; WebSite; ['Organization', 'LocalBusiness', 'HomeAndConstructionBusiness']",8,2,95122,1340,
https://sk-rosa.ru/floor-screed-kolomna,200,https://sk-rosa.ru/floor-screed-kolomna,Стяжка пола в Коломне от 900 ₽/м² | ROSA,40,"Полусухая и цементная стяжка пола в Коломне. От 900 ₽/м², лазерный контроль, гарантия 3 года, договор и акт.",108,Механизированная стяжка пола в Коломне,"index, follow, max-image-preview:large, max-snippet:-1, max-video-preview:-1","AdministrativeArea; Answer; BreadcrumbList; City; ContactPoint; FAQPage; GeoCoordinates; ImageObject; ListItem; Offer; OpeningHoursSpecification; PostalAddress; Question; Service; ServiceChannel; UnitPriceSpecification; WebPage; WebSite; ['Organization', 'LocalBusiness', 'HomeAndConstructionBusiness']",12,2,101596,1746,
https://sk-rosa.ru/floor-screed-losino-petrovsky,200,https://sk-rosa.ru/floor-screed-losino-petrovsky,Стяжка пола в Лосино-Петровском от 900 ₽/м² | ROSA,50,"Полусухая и цементная стяжка пола в Лосино-Петровском. От 900 ₽/м², лазерный контроль, гарантия 3 года, договор и акт.",118,Механизированная стяжка пола в Лосино-Петровском,"index, follow, max-image-preview:large, max-snippet:-1, max-video-preview:-1","AdministrativeArea; Answer; BreadcrumbList; City; ContactPoint; FAQPage; GeoCoordinates; ImageObject; ListItem; Offer; OpeningHoursSpecification; PostalAddress; Question; Service; ServiceChannel; UnitPriceSpecification; WebPage; WebSite; ['Organization', 'LocalBusiness', 'HomeAndConstructionBusiness']",7,2,102617,1741,
https://sk-rosa.ru/floor-screed-lukhovitsy,200,https://sk-rosa.ru/floor-screed-lukhovitsy,Стяжка пола в Луховицах от 900 ₽/м² | ROSA,42,"Полусухая и цементная стяжка пола в Луховицах. От 900 ₽/м², лазерный контроль, гарантия 3 года, договор и акт.",110,Механизированная стяжка пола в Луховицах,"index, follow, max-image-preview:large, max-snippet:-1, max-video-preview:-1","AdministrativeArea; Answer; BreadcrumbList; City; ContactPoint; FAQPage; GeoCoordinates; ImageObject; ListItem; Offer; OpeningHoursSpecification; PostalAddress; Question; Service; ServiceChannel; UnitPriceSpecification; WebPage; WebSite; ['Organization', 'LocalBusiness', 'HomeAndConstructionBusiness']",8,2,101796,1743,
https://sk-rosa.ru/floor-screed-malakhovka,200,https://sk-rosa.ru/floor-screed-malakhovka,Стяжка пола в Малаховке от 900 ₽/м² | ROSA,42,"Полусухая и цементная стяжка пола в Малаховке. От 900 ₽/м², лазерный контроль, гарантия 3 года, договор и акт.",110,Механизированная стяжка пола в Малаховке,"index, follow, max-image-preview:large, max-snippet:-1, max-video-preview:-1","AdministrativeArea; Answer; BreadcrumbList; City; ContactPoint; FAQPage; GeoCoordinates; ImageObject; ListItem; Offer; OpeningHoursSpecification; PostalAddress; Question; Service; ServiceChannel; UnitPriceSpecification; WebPage; WebSite; ['Organization', 'LocalBusiness', 'HomeAndConstructionBusiness']",6,2,101801,1734,
https://sk-rosa.ru/floor-screed-monino,200,https://sk-rosa.ru/floor-screed-monino,Стяжка пола в Монино от 900 ₽/м² | ROSA,39,"Стяжка пола в Монине от 900 ₽/м². Проверка старого основания после демонтажа, ремонт слабых зон, карта толщин и подготовка под новое покрытие.",142,Механизированная стяжка пола в Монино,"index, follow, max-image-preview:large, max-snippet:-1, max-video-preview:-1","AdministrativeArea; Answer; BreadcrumbList; City; ContactPoint; FAQPage; GeoCoordinates; ImageObject; ListItem; Offer; OpeningHoursSpecification; PostalAddress; Question; Service; ServiceChannel; UnitPriceSpecification; WebPage; WebSite; ['Organization', 'LocalBusiness', 'HomeAndConstructionBusiness']",11,2,95504,1348,
https://sk-rosa.ru/floor-screed-orekhovo-zuevo,200,https://sk-rosa.ru/floor-screed-orekhovo-zuevo,Стяжка пола в Орехово-Зуево от 900 ₽/м² | ROSA,46,"Стяжка пола в Орехово-Зуеве от 900 ₽/м². Расчёт коммерческой нагрузки, плоскость под стеллажи и оборудование, швы и подготовка под покрытие.",140,Механизированная стяжка пола в Орехово-Зуево,"index, follow, max-image-preview:large, max-snippet:-1, max-video-preview:-1","AdministrativeArea; Answer; BreadcrumbList; City; ContactPoint; FAQPage; GeoCoordinates; ImageObject; ListItem; Offer; OpeningHoursSpecification; PostalAddress; Question; Service; ServiceChannel; UnitPriceSpecification; WebPage; WebSite; ['Organization', 'LocalBusiness', 'HomeAndConstructionBusiness']",8,2,96312,1341,
https://sk-rosa.ru/floor-screed-serpukhov,200,https://sk-rosa.ru/floor-screed-serpukhov,Стяжка пола в Серпухове от 900 ₽/м² | ROSA,42,"Стяжка пола в санузле Серпухова от 900 ₽/м². Отметки под плитку, порог и трап, совместимость с гидроизоляцией и проверка уклонов.",129,Механизированная стяжка пола в Серпухове,"index, follow, max-image-preview:large, max-snippet:-1, max-video-preview:-1","AdministrativeArea; Answer; BreadcrumbList; City; ContactPoint; FAQPage; GeoCoordinates; ImageObject; ListItem; Offer; OpeningHoursSpecification; PostalAddress; Question; Service; ServiceChannel; UnitPriceSpecification; WebPage; WebSite; ['Organization', 'LocalBusiness', 'HomeAndConstructionBusiness']",8,2,94676,1304,
https://sk-rosa.ru/floor-screed-solnechnogorsk,200,https://sk-rosa.ru/floor-screed-solnechnogorsk,Стяжка пола в Солнечногорске от 900 ₽/м² | ROSA,47,"Полусухая и цементная стяжка пола в Солнечногорске. От 900 ₽/м², лазерный контроль, гарантия 3 года, договор и акт.",115,Механизированная стяжка пола в Солнечногорске,"index, follow, max-image-preview:large, max-snippet:-1, max-video-preview:-1","AdministrativeArea; Answer; BreadcrumbList; City; ContactPoint; FAQPage; GeoCoordinates; ImageObject; ListItem; Offer; OpeningHoursSpecification; PostalAddress; Question; Service; ServiceChannel; UnitPriceSpecification; WebPage; WebSite; ['Organization', 'LocalBusiness', 'HomeAndConstructionBusiness']",8,2,102243,1731,
https://sk-rosa.ru/floor-screed-staraya-kupavna,200,https://sk-rosa.ru/floor-screed-staraya-kupavna,Стяжка пола в Старой Купавне от 900 ₽/м² | ROSA,47,"Полусухая и цементная стяжка пола в Старой Купавне. От 900 ₽/м², лазерный контроль, гарантия 3 года, договор и акт.",115,Механизированная стяжка пола в Старой Купавне,"index, follow, max-image-preview:large, max-snippet:-1, max-video-preview:-1","AdministrativeArea; Answer; BreadcrumbList; City; ContactPoint; FAQPage; GeoCoordinates; ImageObject; ListItem; Offer; OpeningHoursSpecification; PostalAddress; Question; Service; ServiceChannel; UnitPriceSpecification; WebPage; WebSite; ['Organization', 'LocalBusiness', 'HomeAndConstructionBusiness']",8,2,102270,1756,
https://sk-rosa.ru/floor-screed-stupino,200,https://sk-rosa.ru/floor-screed-stupino,Стяжка пола в Ступино от 900 ₽/м² | ROSA,40,"Полусухая и цементная стяжка пола в Ступино. От 900 ₽/м², лазерный контроль, гарантия 3 года, договор и акт.",108,Механизированная стяжка пола в Ступино,"index, follow, max-image-preview:large, max-snippet:-1, max-video-preview:-1","AdministrativeArea; Answer; BreadcrumbList; City; ContactPoint; FAQPage; GeoCoordinates; ImageObject; ListItem; Offer; OpeningHoursSpecification; PostalAddress; Question; Service; ServiceChannel; UnitPriceSpecification; WebPage; WebSite; ['Organization', 'LocalBusiness', 'HomeAndConstructionBusiness']",9,2,101565,1743,
https://sk-rosa.ru/floor-screed-troitsk,200,https://sk-rosa.ru/floor-screed-troitsk,Стяжка пола в Троицке от 900 ₽/м² | ROSA,40,"Полусухая и цементная стяжка пола в Троицке. От 900 ₽/м², лазерный контроль, гарантия 3 года, договор и акт.",108,Механизированная стяжка пола в Троицке,"index, follow, max-image-preview:large, max-snippet:-1, max-video-preview:-1","AdministrativeArea; Answer; BreadcrumbList; City; ContactPoint; FAQPage; GeoCoordinates; ImageObject; ListItem; Offer; OpeningHoursSpecification; PostalAddress; Question; Service; ServiceChannel; UnitPriceSpecification; WebPage; WebSite; ['Organization', 'LocalBusiness', 'HomeAndConstructionBusiness']",7,2,101597,1739,
https://sk-rosa.ru/floor-screed-fryazino,200,https://sk-rosa.ru/floor-screed-fryazino,Стяжка пола в Фрязино от 900 ₽/м² | ROSA,40,"Полусухая и цементная стяжка пола в Фрязино. От 900 ₽/м², лазерный контроль, гарантия 3 года, договор и акт.",108,Механизированная стяжка пола в Фрязино,"index, follow, max-image-preview:large, max-snippet:-1, max-video-preview:-1","AdministrativeArea; Answer; BreadcrumbList; City; ContactPoint; FAQPage; GeoCoordinates; ImageObject; ListItem; Offer; OpeningHoursSpecification; PostalAddress; Question; Service; ServiceChannel; UnitPriceSpecification; WebPage; WebSite; ['Organization', 'LocalBusiness', 'HomeAndConstructionBusiness']",7,2,101617,1746,
https://sk-rosa.ru/floor-screed-chekhov,200,https://sk-rosa.ru/floor-screed-chekhov,Стяжка пола в Чехове от 900 ₽/м² | ROSA,39,"Полусухая и цементная стяжка пола в Чехове. От 900 ₽/м², лазерный контроль, гарантия 3 года, договор и акт.",107,Механизированная стяжка пола в Чехове,"index, follow, max-image-preview:large, max-snippet:-1, max-video-preview:-1","AdministrativeArea; Answer; BreadcrumbList; City; ContactPoint; FAQPage; GeoCoordinates; ImageObject; ListItem; Offer; OpeningHoursSpecification; PostalAddress; Question; Service; ServiceChannel; UnitPriceSpecification; WebPage; WebSite; ['Organization', 'LocalBusiness', 'HomeAndConstructionBusiness']",8,2,101399,1739,
https://sk-rosa.ru/floor-screed-korolev,200,https://sk-rosa.ru/floor-screed-korolev,Стяжка пола в Королёве от 900 ₽/м² | ROSA,41,"Полусухая и цементная стяжка пола в Королёве. От 900 ₽/м², лазерный контроль, гарантия 3 года, договор и акт.",109,Механизированная стяжка пола в Королёве,"index, follow, max-image-preview:large, max-snippet:-1, max-video-preview:-1","AdministrativeArea; Answer; BreadcrumbList; City; ContactPoint; FAQPage; GeoCoordinates; ImageObject; ListItem; Offer; OpeningHoursSpecification; PostalAddress; Question; Service; ServiceChannel; UnitPriceSpecification; WebPage; WebSite; ['Organization', 'LocalBusiness', 'HomeAndConstructionBusiness']",11,2,101585,1739,
https://sk-rosa.ru/floor-screed-sergiev-posad,200,https://sk-rosa.ru/floor-screed-sergiev-posad,Стяжка пола в Сергиевом Посаде от 900 ₽/м² | ROSA,49,"Плавающая стяжка пола в Сергиевом Посаде от 900 ₽/м². Основание по утеплителю, толщина, армирование, демпферная лента и контроль коммуникаций.",142,Механизированная стяжка пола в Сергиевом Посаде,"index, follow, max-image-preview:large, max-snippet:-1, max-video-preview:-1","AdministrativeArea; Answer; BreadcrumbList; City; ContactPoint; FAQPage; GeoCoordinates; ImageObject; ListItem; Offer; OpeningHoursSpecification; PostalAddress; Question; Service; ServiceChannel; UnitPriceSpecification; WebPage; WebSite; ['Organization', 'LocalBusiness', 'HomeAndConstructionBusiness']",6,2,95624,1319,
https://sk-rosa.ru/floor-screed-odintsovo,200,https://sk-rosa.ru/floor-screed-odintsovo,Стяжка пола в Одинцово от 900 ₽/м² | ROSA,41,"Полусухая и цементная стяжка пола в Одинцово. От 900 ₽/м², лазерный контроль, гарантия 3 года, договор и акт.",109,Механизированная стяжка пола в Одинцово,"index, follow, max-image-preview:large, max-snippet:-1, max-video-preview:-1","AdministrativeArea; Answer; BreadcrumbList; City; ContactPoint; FAQPage; GeoCoordinates; ImageObject; ListItem; Offer; OpeningHoursSpecification; PostalAddress; Question; Service; ServiceChannel; UnitPriceSpecification; WebPage; WebSite; ['Organization', 'LocalBusiness', 'HomeAndConstructionBusiness']",12,2,101698,1746,
https://sk-rosa.ru/floor-screed-reutov,200,https://sk-rosa.ru/floor-screed-reutov,Стяжка пола в Реутове от 900 ₽/м² | ROSA,40,"Стяжка пола в Реутове от 900 ₽/м² с акустическим разделением. Периметральная лента, проходки, пороги и защита от жёстких звуковых мостиков.",139,Механизированная стяжка пола в Реутове,"index, follow, max-image-preview:large, max-snippet:-1, max-video-preview:-1","AdministrativeArea; Answer; BreadcrumbList; City; ContactPoint; FAQPage; GeoCoordinates; ImageObject; ListItem; Offer; OpeningHoursSpecification; PostalAddress; Question; Service; ServiceChannel; UnitPriceSpecification; WebPage; WebSite; ['Organization', 'LocalBusiness', 'HomeAndConstructionBusiness']",9,2,95070,1313,
https://sk-rosa.ru/floor-screed-lobnya,200,https://sk-rosa.ru/floor-screed-lobnya,Стяжка пола в Лобне от 900 ₽/м² | ROSA,38,"Полусухая и цементная стяжка пола в Лобне. От 900 ₽/м², лазерный контроль, гарантия 3 года, договор и акт.",106,Механизированная стяжка пола в Лобне,"index, follow, max-image-preview:large, max-snippet:-1, max-video-preview:-1","AdministrativeArea; Answer; BreadcrumbList; City; ContactPoint; FAQPage; GeoCoordinates; ImageObject; ListItem; Offer; OpeningHoursSpecification; PostalAddress; Question; Service; ServiceChannel; UnitPriceSpecification; WebPage; WebSite; ['Organization', 'LocalBusiness', 'HomeAndConstructionBusiness']",10,2,101394,1748,
https://sk-rosa.ru/airless-painting-balashikha,200,https://sk-rosa.ru/airless-painting-balashikha,Безвоздушная покраска в Балашихе от 200 ₽/м² | ROSA,51,"Безвоздушная покраска в Балашихе: стены, потолки, фасады. От 200 ₽/м², гарантия 2 года, договор и акт.",102,Безвоздушная покраска стен и потолков в Балашихе,"index, follow, max-image-preview:large, max-snippet:-1, max-video-preview:-1","AdministrativeArea; Answer; BreadcrumbList; City; ContactPoint; FAQPage; GeoCoordinates; ImageObject; ListItem; Offer; OpeningHoursSpecification; PostalAddress; Question; Service; ServiceChannel; UnitPriceSpecification; WebPage; WebSite; ['Organization', 'LocalBusiness', 'HomeAndConstructionBusiness']",11,2,106293,1858,
https://sk-rosa.ru/airless-painting-khimki,200,https://sk-rosa.ru/airless-painting-khimki,Безвоздушная покраска в Химках от 200 ₽/м² | ROSA,49,"Безвоздушная покраска в Химках: стены, потолки, фасады. От 200 ₽/м², гарантия 2 года, договор и акт.",100,Безвоздушная покраска стен и потолков в Химках,"index, follow, max-image-preview:large, max-snippet:-1, max-video-preview:-1","AdministrativeArea; Answer; BreadcrumbList; City; ContactPoint; FAQPage; GeoCoordinates; ImageObject; ListItem; Offer; OpeningHoursSpecification; PostalAddress; Question; Service; ServiceChannel; UnitPriceSpecification; WebPage; WebSite; ['Organization', 'LocalBusiness', 'HomeAndConstructionBusiness']",10,2,105838,1852,
https://sk-rosa.ru/airless-painting-podolsk,200,https://sk-rosa.ru/airless-painting-podolsk,Безвоздушная покраска в Подольске от 200 ₽/м² | ROSA,52,"Безвоздушная покраска в Подольске: стены, потолки, фасады. От 200 ₽/м², гарантия 2 года, договор и акт.",103,Безвоздушная покраска стен и потолков в Подольске,"index, follow, max-image-preview:large, max-snippet:-1, max-video-preview:-1","AdministrativeArea; Answer; BreadcrumbList; City; ContactPoint; FAQPage; GeoCoordinates; ImageObject; ListItem; Offer; OpeningHoursSpecification; PostalAddress; Question; Service; ServiceChannel; UnitPriceSpecification; WebPage; WebSite; ['Organization', 'LocalBusiness', 'HomeAndConstructionBusiness']",11,2,106144,1832,
https://sk-rosa.ru/airless-painting-lyubertsy,200,https://sk-rosa.ru/airless-painting-lyubertsy,Безвоздушная покраска в Люберцах от 200 ₽/м² | ROSA,51,"Безвоздушная покраска потолка в Люберцах от 200 ₽/м². Проверка скользящего света, теневых профилей, встроенных светильников и ровности покрытия.",144,Безвоздушная покраска стен и потолков в Люберцах,"index, follow, max-image-preview:large, max-snippet:-1, max-video-preview:-1","AdministrativeArea; Answer; BreadcrumbList; City; ContactPoint; FAQPage; GeoCoordinates; ImageObject; ListItem; Offer; OpeningHoursSpecification; PostalAddress; Question; Service; ServiceChannel; UnitPriceSpecification; WebPage; WebSite; ['Organization', 'LocalBusiness', 'HomeAndConstructionBusiness']",14,2,98625,1354,
https://sk-rosa.ru/airless-painting-mytishchi,200,https://sk-rosa.ru/airless-painting-mytishchi,Безвоздушная покраска в Мытищах от 200 ₽/м² | ROSA,50,"Перекраска стен в Мытищах от 200 ₽/м². Проверка старой краски на прочность и совместимость, пробный участок, ремонт дефектов и чистая приёмка.",142,Безвоздушная покраска стен и потолков в Мытищах,"index, follow, max-image-preview:large, max-snippet:-1, max-video-preview:-1","AdministrativeArea; Answer; BreadcrumbList; City; ContactPoint; FAQPage; GeoCoordinates; ImageObject; ListItem; Offer; OpeningHoursSpecification; PostalAddress; Question; Service; ServiceChannel; UnitPriceSpecification; WebPage; WebSite; ['Organization', 'LocalBusiness', 'HomeAndConstructionBusiness']",10,2,98843,1391,
https://sk-rosa.ru/airless-painting-krasnogorsk,200,https://sk-rosa.ru/airless-painting-krasnogorsk,Безвоздушная покраска в Красногорске от 200 ₽/м² | ROSA,55,"Безвоздушная покраска в Красногорске от 200 ₽/м² для коридоров и общих зон. Стойкое покрытие, образец цвета, защита и план локального ремонта.",142,Безвоздушная покраска стен и потолков в Красногорске,"index, follow, max-image-preview:large, max-snippet:-1, max-video-preview:-1","AdministrativeArea; Answer; BreadcrumbList; City; ContactPoint; FAQPage; GeoCoordinates; ImageObject; ListItem; Offer; OpeningHoursSpecification; PostalAddress; Question; Service; ServiceChannel; UnitPriceSpecification; WebPage; WebSite; ['Organization', 'LocalBusiness', 'HomeAndConstructionBusiness']",10,2,98988,1370,
https://sk-rosa.ru/airless-painting-elektrostal,200,https://sk-rosa.ru/airless-painting-elektrostal,Безвоздушная покраска в Электростали от 200 ₽/м² | ROSA,55,"Безвоздушная покраска в Электростали: стены, потолки, фасады. От 200 ₽/м², гарантия 2 года, договор и акт.",106,Безвоздушная покраска стен и потолков в Электростали,"index, follow, max-image-preview:large, max-snippet:-1, max-video-preview:-1","AdministrativeArea; Answer; BreadcrumbList; City; ContactPoint; FAQPage; GeoCoordinates; ImageObject; ListItem; Offer; OpeningHoursSpecification; PostalAddress; Question; Service; ServiceChannel; UnitPriceSpecification; WebPage; WebSite; ['Organization', 'LocalBusiness', 'HomeAndConstructionBusiness']",9,2,106609,1833,
https://sk-rosa.ru/airless-painting-vidnoe,200,https://sk-rosa.ru/airless-painting-vidnoe,Безвоздушная покраска в Видном от 200 ₽/м² | ROSA,49,"Безвоздушная покраска в Видном: стены, потолки, фасады. От 200 ₽/м², гарантия 2 года, договор и акт.",100,Безвоздушная покраска стен и потолков в Видном,"index, follow, max-image-preview:large, max-snippet:-1, max-video-preview:-1","AdministrativeArea; Answer; BreadcrumbList; City; ContactPoint; FAQPage; GeoCoordinates; ImageObject; ListItem; Offer; OpeningHoursSpecification; PostalAddress; Question; Service; ServiceChannel; UnitPriceSpecification; WebPage; WebSite; ['Organization', 'LocalBusiness', 'HomeAndConstructionBusiness']",8,2,105799,1852,
https://sk-rosa.ru/airless-painting-domodedovo,200,https://sk-rosa.ru/airless-painting-domodedovo,Безвоздушная покраска в Домодедове от 200 ₽/м² | ROSA,53,"Безвоздушная покраска в Домодедове: стены, потолки, фасады. От 200 ₽/м², гарантия 2 года, договор и акт.",104,Безвоздушная покраска стен и потолков в Домодедове,"index, follow, max-image-preview:large, max-snippet:-1, max-video-preview:-1","AdministrativeArea; Answer; BreadcrumbList; City; ContactPoint; FAQPage; GeoCoordinates; ImageObject; ListItem; Offer; OpeningHoursSpecification; PostalAddress; Question; Service; ServiceChannel; UnitPriceSpecification; WebPage; WebSite; ['Organization', 'LocalBusiness', 'HomeAndConstructionBusiness']",10,2,106422,1840,
https://sk-rosa.ru/airless-painting-dolgoprudny,200,https://sk-rosa.ru/airless-painting-dolgoprudny,Безвоздушная покраска в Долгопрудном от 200 ₽/м² | ROSA,55,"Безвоздушная покраска в Долгопрудном от 200 ₽/м². Контроль стен при боковом свете, защита квартиры, очередность потолка и стен, приёмка после высыхания.",152,Безвоздушная покраска стен и потолков в Долгопрудном,"index, follow, max-image-preview:large, max-snippet:-1, max-video-preview:-1","AdministrativeArea; Answer; BreadcrumbList; City; ContactPoint; FAQPage; GeoCoordinates; ImageObject; ListItem; Offer; OpeningHoursSpecification; PostalAddress; Question; Service; ServiceChannel; UnitPriceSpecification; WebPage; WebSite; ['Organization', 'LocalBusiness', 'HomeAndConstructionBusiness']",11,2,99133,1381,
https://sk-rosa.ru/airless-painting-shchelkovo,200,https://sk-rosa.ru/airless-painting-shchelkovo,Безвоздушная покраска в Щёлкове от 200 ₽/м² | ROSA,50,"Безвоздушная покраска в Щёлкове: стены, потолки, фасады. От 200 ₽/м², гарантия 2 года, договор и акт.",101,Безвоздушная покраска стен и потолков в Щёлкове,"index, follow, max-image-preview:large, max-snippet:-1, max-video-preview:-1","AdministrativeArea; Answer; BreadcrumbList; City; ContactPoint; FAQPage; GeoCoordinates; ImageObject; ListItem; Offer; OpeningHoursSpecification; PostalAddress; Question; Service; ServiceChannel; UnitPriceSpecification; WebPage; WebSite; ['Organization', 'LocalBusiness', 'HomeAndConstructionBusiness']",11,2,105736,1826,
https://sk-rosa.ru/airless-painting-pushkino,200,https://sk-rosa.ru/airless-painting-pushkino,Безвоздушная покраска в Пушкине от 200 ₽/м² | ROSA,50,"Безвоздушная покраска в Пушкине: стены, потолки, фасады. От 200 ₽/м², гарантия 2 года, договор и акт.",101,Безвоздушная покраска стен и потолков в Пушкине,"index, follow, max-image-preview:large, max-snippet:-1, max-video-preview:-1","AdministrativeArea; Answer; BreadcrumbList; City; ContactPoint; FAQPage; GeoCoordinates; ImageObject; ListItem; Offer; OpeningHoursSpecification; PostalAddress; Question; Service; ServiceChannel; UnitPriceSpecification; WebPage; WebSite; ['Organization', 'LocalBusiness', 'HomeAndConstructionBusiness']",11,2,105681,1823,
https://sk-rosa.ru/airless-painting-ramenskoe,200,https://sk-rosa.ru/airless-painting-ramenskoe,Безвоздушная покраска в Раменском от 200 ₽/м² | ROSA,52,"Безвоздушная покраска в Раменском от 200 ₽/м². Выбор моющейся краски по зонам, пробный выкрас, степень блеска и план будущего ремонта покрытия.",143,Безвоздушная покраска стен и потолков в Раменском,"index, follow, max-image-preview:large, max-snippet:-1, max-video-preview:-1","AdministrativeArea; Answer; BreadcrumbList; City; ContactPoint; FAQPage; GeoCoordinates; ImageObject; ListItem; Offer; OpeningHoursSpecification; PostalAddress; Question; Service; ServiceChannel; UnitPriceSpecification; WebPage; WebSite; ['Organization', 'LocalBusiness', 'HomeAndConstructionBusiness']",10,2,98998,1394,
https://sk-rosa.ru/airless-painting-noginsk,200,https://sk-rosa.ru/airless-painting-noginsk,Безвоздушная покраска в Ногинске от 200 ₽/м² | ROSA,51,"Безвоздушная покраска в Ногинске от 200 ₽/м². План окраски склада или цеха по зонам, очистка основания, защита оборудования и контроль вентиляции.",146,Безвоздушная покраска стен и потолков в Ногинске,"index, follow, max-image-preview:large, max-snippet:-1, max-video-preview:-1","AdministrativeArea; Answer; BreadcrumbList; City; ContactPoint; FAQPage; GeoCoordinates; ImageObject; ListItem; Offer; OpeningHoursSpecification; PostalAddress; Question; Service; ServiceChannel; UnitPriceSpecification; WebPage; WebSite; ['Organization', 'LocalBusiness', 'HomeAndConstructionBusiness']",11,2,98965,1380,
https://sk-rosa.ru/airless-painting-istra,200,https://sk-rosa.ru/airless-painting-istra,Безвоздушная покраска в Истре от 200 ₽/м² | ROSA,48,"Безвоздушная покраска деревянного дома в Истре от 200 ₽/м². Проверка влажности, смолы и старого покрытия, обработка торцов и пробный фасадный участок.",150,Безвоздушная покраска стен и потолков в Истре,"index, follow, max-image-preview:large, max-snippet:-1, max-video-preview:-1","AdministrativeArea; Answer; BreadcrumbList; City; ContactPoint; FAQPage; GeoCoordinates; ImageObject; ListItem; Offer; OpeningHoursSpecification; PostalAddress; Question; Service; ServiceChannel; UnitPriceSpecification; WebPage; WebSite; ['Organization', 'LocalBusiness', 'HomeAndConstructionBusiness']",10,2,98307,1363,
https://sk-rosa.ru/airless-painting-naro-fominsk,200,https://sk-rosa.ru/airless-painting-naro-fominsk,Безвоздушная покраска в Наро-Фоминске от 200 ₽/м² | ROSA,56,"Безвоздушная покраска в Наро-Фоминске от 200 ₽/м². Подготовка фасада, проверка погоды и влажности, пробный участок и план окраски без видимых стыков.",149,Безвоздушная покраска стен и потолков в Наро-Фоминске,"index, follow, max-image-preview:large, max-snippet:-1, max-video-preview:-1","AdministrativeArea; Answer; BreadcrumbList; City; ContactPoint; FAQPage; GeoCoordinates; ImageObject; ListItem; Offer; OpeningHoursSpecification; PostalAddress; Question; Service; ServiceChannel; UnitPriceSpecification; WebPage; WebSite; ['Organization', 'LocalBusiness', 'HomeAndConstructionBusiness']",9,2,99428,1387,
https://sk-rosa.ru/airless-painting-aprelevka,200,https://sk-rosa.ru/airless-painting-aprelevka,Безвоздушная покраска в Апрелевке от 200 ₽/м² | ROSA,52,"Безвоздушная покраска в Апрелевке: стены, потолки, фасады. От 200 ₽/м², гарантия 2 года, договор и акт.",103,Безвоздушная покраска стен и потолков в Апрелевке,"index, follow, max-image-preview:large, max-snippet:-1, max-video-preview:-1","AdministrativeArea; Answer; BreadcrumbList; City; ContactPoint; FAQPage; GeoCoordinates; ImageObject; ListItem; Offer; OpeningHoursSpecification; PostalAddress; Question; Service; ServiceChannel; UnitPriceSpecification; WebPage; WebSite; ['Organization', 'LocalBusiness', 'HomeAndConstructionBusiness']",8,2,105998,1820,
https://sk-rosa.ru/airless-painting-bronnitsy,200,https://sk-rosa.ru/airless-painting-bronnitsy,Безвоздушная покраска в Бронницах от 200 ₽/м² | ROSA,52,"Безвоздушная покраска в Бронницах: стены, потолки, фасады. От 200 ₽/м², гарантия 2 года, договор и акт.",103,Безвоздушная покраска стен и потолков в Бронницах,"index, follow, max-image-preview:large, max-snippet:-1, max-video-preview:-1","AdministrativeArea; Answer; BreadcrumbList; City; ContactPoint; FAQPage; GeoCoordinates; ImageObject; ListItem; Offer; OpeningHoursSpecification; PostalAddress; Question; Service; ServiceChannel; UnitPriceSpecification; WebPage; WebSite; ['Organization', 'LocalBusiness', 'HomeAndConstructionBusiness']",10,2,105953,1820,
https://sk-rosa.ru/airless-painting-volokolamsk,200,https://sk-rosa.ru/airless-painting-volokolamsk,Безвоздушная покраска в Волоколамске от 200 ₽/м² | ROSA,55,"Безвоздушная покраска в Волоколамске: стены, потолки, фасады. От 200 ₽/м², гарантия 2 года, договор и акт.",106,Безвоздушная покраска стен и потолков в Волоколамске,"index, follow, max-image-preview:large, max-snippet:-1, max-video-preview:-1","AdministrativeArea; Answer; BreadcrumbList; City; ContactPoint; FAQPage; GeoCoordinates; ImageObject; ListItem; Offer; OpeningHoursSpecification; PostalAddress; Question; Service; ServiceChannel; UnitPriceSpecification; WebPage; WebSite; ['Organization', 'LocalBusiness', 'HomeAndConstructionBusiness']",7,2,106352,1829,
https://sk-rosa.ru/airless-painting-voskresensk,200,https://sk-rosa.ru/airless-painting-voskresensk,Безвоздушная покраска в Воскресенске от 200 ₽/м² | ROSA,55,"Безвоздушная покраска в Воскресенске: стены, потолки, фасады. От 200 ₽/м², гарантия 2 года, договор и акт.",106,Безвоздушная покраска стен и потолков в Воскресенске,"index, follow, max-image-preview:large, max-snippet:-1, max-video-preview:-1","AdministrativeArea; Answer; BreadcrumbList; City; ContactPoint; FAQPage; GeoCoordinates; ImageObject; ListItem; Offer; OpeningHoursSpecification; PostalAddress; Question; Service; ServiceChannel; UnitPriceSpecification; WebPage; WebSite; ['Organization', 'LocalBusiness', 'HomeAndConstructionBusiness']",9,2,106252,1812,
https://sk-rosa.ru/airless-painting-golitsyino,200,https://sk-rosa.ru/airless-painting-golitsyino,Безвоздушная покраска в Голицыно от 200 ₽/м² | ROSA,51,"Безвоздушная покраска в Голицыно: стены, потолки, фасады. От 200 ₽/м², гарантия 2 года, договор и акт.",102,Безвоздушная покраска стен и потолков в Голицыно,"index, follow, max-image-preview:large, max-snippet:-1, max-video-preview:-1","AdministrativeArea; Answer; BreadcrumbList; City; ContactPoint; FAQPage; GeoCoordinates; ImageObject; ListItem; Offer; OpeningHoursSpecification; PostalAddress; Question; Service; ServiceChannel; UnitPriceSpecification; WebPage; WebSite; ['Organization', 'LocalBusiness', 'HomeAndConstructionBusiness']",10,2,106057,1834,
https://sk-rosa.ru/airless-painting-dmitrov,200,https://sk-rosa.ru/airless-painting-dmitrov,Безвоздушная покраска в Дмитрове от 200 ₽/м² | ROSA,51,"Безвоздушная покраска в Дмитрове: стены, потолки, фасады. От 200 ₽/м², гарантия 2 года, договор и акт.",102,Безвоздушная покраска стен и потолков в Дмитрове,"index, follow, max-image-preview:large, max-snippet:-1, max-video-preview:-1","AdministrativeArea; Answer; BreadcrumbList; City; ContactPoint; FAQPage; GeoCoordinates; ImageObject; ListItem; Offer; OpeningHoursSpecification; PostalAddress; Question; Service; ServiceChannel; UnitPriceSpecification; WebPage; WebSite; ['Organization', 'LocalBusiness', 'HomeAndConstructionBusiness']",9,2,105680,1812,
https://sk-rosa.ru/airless-painting-egorievsk,200,https://sk-rosa.ru/airless-painting-egorievsk,Безвоздушная покраска в Егорьевске от 200 ₽/м² | ROSA,53,"Безвоздушная покраска в Егорьевске: стены, потолки, фасады. От 200 ₽/м², гарантия 2 года, договор и акт.",104,Безвоздушная покраска стен и потолков в Егорьевске,"index, follow, max-image-preview:large, max-snippet:-1, max-video-preview:-1","AdministrativeArea; Answer; BreadcrumbList; City; ContactPoint; FAQPage; GeoCoordinates; ImageObject; ListItem; Offer; OpeningHoursSpecification; PostalAddress; Question; Service; ServiceChannel; UnitPriceSpecification; WebPage; WebSite; ['Organization', 'LocalBusiness', 'HomeAndConstructionBusiness']",9,2,106031,1814,
https://sk-rosa.ru/airless-painting-zheleznodorozhny,200,https://sk-rosa.ru/airless-painting-zheleznodorozhny,Безвоздушная покраска в Железнодорожном от 200 ₽/м² | ROSA,58,"Безвоздушная покраска в Железнодорожном: стены, потолки, фасады. От 200 ₽/м², гарантия 2 года, договор и акт.",109,Безвоздушная покраска стен и потолков в Железнодорожном,"index, follow, max-image-preview:large, max-snippet:-1, max-video-preview:-1","AdministrativeArea; Answer; BreadcrumbList; City; ContactPoint; FAQPage; GeoCoordinates; ImageObject; ListItem; Offer; OpeningHoursSpecification; PostalAddress; Question; Service; ServiceChannel; UnitPriceSpecification; WebPage; WebSite; ['Organization', 'LocalBusiness', 'HomeAndConstructionBusiness']",7,2,106769,1822,
https://sk-rosa.ru/airless-painting-zhukovsky,200,https://sk-rosa.ru/airless-painting-zhukovsky,Безвоздушная покраска в Жуковском от 200 ₽/м² | ROSA,52,"Безвоздушная покраска в Жуковском: стены, потолки, фасады. От 200 ₽/м², гарантия 2 года, договор и акт.",103,Безвоздушная покраска стен и потолков в Жуковском,"index, follow, max-image-preview:large, max-snippet:-1, max-video-preview:-1","AdministrativeArea; Answer; BreadcrumbList; City; ContactPoint; FAQPage; GeoCoordinates; ImageObject; ListItem; Offer; OpeningHoursSpecification; PostalAddress; Question; Service; ServiceChannel; UnitPriceSpecification; WebPage; WebSite; ['Organization', 'LocalBusiness', 'HomeAndConstructionBusiness']",9,2,106085,1829,
https://sk-rosa.ru/airless-painting-zaraysk,200,https://sk-rosa.ru/airless-painting-zaraysk,Безвоздушная покраска в Зарайске от 200 ₽/м² | ROSA,51,"Безвоздушная покраска в Зарайске: стены, потолки, фасады. От 200 ₽/м², гарантия 2 года, договор и акт.",102,Безвоздушная покраска стен и потолков в Зарайске,"index, follow, max-image-preview:large, max-snippet:-1, max-video-preview:-1","AdministrativeArea; Answer; BreadcrumbList; City; ContactPoint; FAQPage; GeoCoordinates; ImageObject; ListItem; Offer; OpeningHoursSpecification; PostalAddress; Question; Service; ServiceChannel; UnitPriceSpecification; WebPage; WebSite; ['Organization', 'LocalBusiness', 'HomeAndConstructionBusiness']",9,2,105603,1807,
https://sk-rosa.ru/airless-painting-zvenigorod,200,https://sk-rosa.ru/airless-painting-zvenigorod,Безвоздушная покраска в Звенигороде от 200 ₽/м² | ROSA,54,"Безвоздушная покраска в Звенигороде: стены, потолки, фасады. От 200 ₽/м², гарантия 2 года, договор и акт.",105,Безвоздушная покраска стен и потолков в Звенигороде,"index, follow, max-image-preview:large, max-snippet:-1, max-video-preview:-1","AdministrativeArea; Answer; BreadcrumbList; City; ContactPoint; FAQPage; GeoCoordinates; ImageObject; ListItem; Offer; OpeningHoursSpecification; PostalAddress; Question; Service; ServiceChannel; UnitPriceSpecification; WebPage; WebSite; ['Organization', 'LocalBusiness', 'HomeAndConstructionBusiness']",10,2,105940,1815,
https://sk-rosa.ru/airless-painting-ivanteevka,200,https://sk-rosa.ru/airless-painting-ivanteevka,Безвоздушная покраска в Ивантеевке от 200 ₽/м² | ROSA,53,"Безвоздушная покраска в Ивантеевке от 200 ₽/м². Два цвета, ровные границы, порядок нанесения, проба малярной ленты и контроль после высыхания.",142,Безвоздушная покраска стен и потолков в Ивантеевке,"index, follow, max-image-preview:large, max-snippet:-1, max-video-preview:-1","AdministrativeArea; Answer; BreadcrumbList; City; ContactPoint; FAQPage; GeoCoordinates; ImageObject; ListItem; Offer; OpeningHoursSpecification; PostalAddress; Question; Service; ServiceChannel; UnitPriceSpecification; WebPage; WebSite; ['Organization', 'LocalBusiness', 'HomeAndConstructionBusiness']",9,2,98398,1350,
https://sk-rosa.ru/airless-painting-kashira,200,https://sk-rosa.ru/airless-painting-kashira,Безвоздушная покраска в Кашире от 200 ₽/м² | ROSA,49,"Безвоздушная покраска металлоконструкций в Кашире от 200 ₽/м². Оценка коррозии, очистка, грунт, контроль труднодоступных узлов и толщины системы.",145,Безвоздушная покраска стен и потолков в Кашире,"index, follow, max-image-preview:large, max-snippet:-1, max-video-preview:-1","AdministrativeArea; Answer; BreadcrumbList; City; ContactPoint; FAQPage; GeoCoordinates; ImageObject; ListItem; Offer; OpeningHoursSpecification; PostalAddress; Question; Service; ServiceChannel; UnitPriceSpecification; WebPage; WebSite; ['Organization', 'LocalBusiness', 'HomeAndConstructionBusiness']",8,2,98430,1354,
https://sk-rosa.ru/airless-painting-kolomna,200,https://sk-rosa.ru/airless-painting-kolomna,Безвоздушная покраска в Коломне от 200 ₽/м² | ROSA,50,"Безвоздушная покраска в Коломне: стены, потолки, фасады. От 200 ₽/м², гарантия 2 года, договор и акт.",101,Безвоздушная покраска стен и потолков в Коломне,"index, follow, max-image-preview:large, max-snippet:-1, max-video-preview:-1","AdministrativeArea; Answer; BreadcrumbList; City; ContactPoint; FAQPage; GeoCoordinates; ImageObject; ListItem; Offer; OpeningHoursSpecification; PostalAddress; Question; Service; ServiceChannel; UnitPriceSpecification; WebPage; WebSite; ['Organization', 'LocalBusiness', 'HomeAndConstructionBusiness']",12,2,105879,1837,
https://sk-rosa.ru/airless-painting-losino-petrovsky,200,https://sk-rosa.ru/airless-painting-losino-petrovsky,Безвоздушная покраска в Лосино-Петровском от 200 ₽/м² | ROSA,60,"Безвоздушная покраска в Лосино-Петровском: стены, потолки, фасады. От 200 ₽/м², гарантия 2 года, договор и акт.",111,Безвоздушная покраска стен и потолков в Лосино-Петровском,"index, follow, max-image-preview:large, max-snippet:-1, max-video-preview:-1","AdministrativeArea; Answer; BreadcrumbList; City; ContactPoint; FAQPage; GeoCoordinates; ImageObject; ListItem; Offer; OpeningHoursSpecification; PostalAddress; Question; Service; ServiceChannel; UnitPriceSpecification; WebPage; WebSite; ['Organization', 'LocalBusiness', 'HomeAndConstructionBusiness']",7,2,106866,1816,
https://sk-rosa.ru/airless-painting-lukhovitsy,200,https://sk-rosa.ru/airless-painting-lukhovitsy,Безвоздушная покраска в Луховицах от 200 ₽/м² | ROSA,52,"Безвоздушная покраска в Луховицах: стены, потолки, фасады. От 200 ₽/м², гарантия 2 года, договор и акт.",103,Безвоздушная покраска стен и потолков в Луховицах,"index, follow, max-image-preview:large, max-snippet:-1, max-video-preview:-1","AdministrativeArea; Answer; BreadcrumbList; City; ContactPoint; FAQPage; GeoCoordinates; ImageObject; ListItem; Offer; OpeningHoursSpecification; PostalAddress; Question; Service; ServiceChannel; UnitPriceSpecification; WebPage; WebSite; ['Organization', 'LocalBusiness', 'HomeAndConstructionBusiness']",8,2,105906,1824,
https://sk-rosa.ru/airless-painting-malakhovka,200,https://sk-rosa.ru/airless-painting-malakhovka,Безвоздушная покраска в Малаховке от 200 ₽/м² | ROSA,52,"Безвоздушная покраска в Малаховке от 200 ₽/м². Изоляция пятен после протечек, копоти и ржавчины, устранение причины и проба блокирующего грунта.",144,Безвоздушная покраска стен и потолков в Малаховке,"index, follow, max-image-preview:large, max-snippet:-1, max-video-preview:-1","AdministrativeArea; Answer; BreadcrumbList; City; ContactPoint; FAQPage; GeoCoordinates; ImageObject; ListItem; Offer; OpeningHoursSpecification; PostalAddress; Question; Service; ServiceChannel; UnitPriceSpecification; WebPage; WebSite; ['Organization', 'LocalBusiness', 'HomeAndConstructionBusiness']",6,2,98554,1355,
https://sk-rosa.ru/airless-painting-monino,200,https://sk-rosa.ru/airless-painting-monino,Безвоздушная покраска в Монино от 200 ₽/м² | ROSA,49,"Безвоздушная покраска в Монино: стены, потолки, фасады. От 200 ₽/м², гарантия 2 года, договор и акт.",100,Безвоздушная покраска стен и потолков в Монино,"index, follow, max-image-preview:large, max-snippet:-1, max-video-preview:-1","AdministrativeArea; Answer; BreadcrumbList; City; ContactPoint; FAQPage; GeoCoordinates; ImageObject; ListItem; Offer; OpeningHoursSpecification; PostalAddress; Question; Service; ServiceChannel; UnitPriceSpecification; WebPage; WebSite; ['Organization', 'LocalBusiness', 'HomeAndConstructionBusiness']",11,2,105600,1825,
https://sk-rosa.ru/airless-painting-orekhovo-zuevo,200,https://sk-rosa.ru/airless-painting-orekhovo-zuevo,Безвоздушная покраска в Орехово-Зуево от 200 ₽/м² | ROSA,56,"Безвоздушная покраска в Орехово-Зуево: стены, потолки, фасады. От 200 ₽/м², гарантия 2 года, договор и акт.",107,Безвоздушная покраска стен и потолков в Орехово-Зуево,"index, follow, max-image-preview:large, max-snippet:-1, max-video-preview:-1","AdministrativeArea; Answer; BreadcrumbList; City; ContactPoint; FAQPage; GeoCoordinates; ImageObject; ListItem; Offer; OpeningHoursSpecification; PostalAddress; Question; Service; ServiceChannel; UnitPriceSpecification; WebPage; WebSite; ['Organization', 'LocalBusiness', 'HomeAndConstructionBusiness']",8,2,106611,1831,
https://sk-rosa.ru/airless-painting-serpukhov,200,https://sk-rosa.ru/airless-painting-serpukhov,Безвоздушная покраска в Серпухове от 200 ₽/м² | ROSA,52,"Безвоздушная покраска в Серпухове от 200 ₽/м². Проверим основание, сделаем пробный выкрас, защитим чистовые поверхности и сдадим покрытие по чек-листу.",151,Безвоздушная покраска стен и потолков в Серпухове,"index, follow, max-image-preview:large, max-snippet:-1, max-video-preview:-1","AdministrativeArea; Answer; BreadcrumbList; City; ContactPoint; FAQPage; GeoCoordinates; ImageObject; ListItem; Offer; OpeningHoursSpecification; PostalAddress; Question; Service; ServiceChannel; UnitPriceSpecification; WebPage; WebSite; ['Organization', 'LocalBusiness', 'HomeAndConstructionBusiness']",8,2,101357,1524,
https://sk-rosa.ru/airless-painting-solnechnogorsk,200,https://sk-rosa.ru/airless-painting-solnechnogorsk,Безвоздушная покраска в Солнечногорске от 200 ₽/м² | ROSA,57,"Безвоздушная покраска в Солнечногорске: стены, потолки, фасады. От 200 ₽/м², гарантия 2 года, договор и акт.",108,Безвоздушная покраска стен и потолков в Солнечногорске,"index, follow, max-image-preview:large, max-snippet:-1, max-video-preview:-1","AdministrativeArea; Answer; BreadcrumbList; City; ContactPoint; FAQPage; GeoCoordinates; ImageObject; ListItem; Offer; OpeningHoursSpecification; PostalAddress; Question; Service; ServiceChannel; UnitPriceSpecification; WebPage; WebSite; ['Organization', 'LocalBusiness', 'HomeAndConstructionBusiness']",8,2,106384,1823,
https://sk-rosa.ru/airless-painting-staraya-kupavna,200,https://sk-rosa.ru/airless-painting-staraya-kupavna,Безвоздушная покраска в Старой Купавне от 200 ₽/м² | ROSA,57,"Безвоздушная покраска в Старой Купавне от 200 ₽/м². План укрытия готового помещения, аккуратная работа по зонам и понятная приёмка без загрязнения отделки.",155,Безвоздушная покраска стен и потолков в Старой Купавне,"index, follow, max-image-preview:large, max-snippet:-1, max-video-preview:-1","AdministrativeArea; Answer; BreadcrumbList; City; ContactPoint; FAQPage; GeoCoordinates; ImageObject; ListItem; Offer; OpeningHoursSpecification; PostalAddress; Question; Service; ServiceChannel; UnitPriceSpecification; WebPage; WebSite; ['Organization', 'LocalBusiness', 'HomeAndConstructionBusiness']",8,2,100204,1448,
https://sk-rosa.ru/airless-painting-stupino,200,https://sk-rosa.ru/airless-painting-stupino,Безвоздушная покраска в Ступино от 200 ₽/м² | ROSA,50,"Безвоздушная покраска в Ступино: стены, потолки, фасады. От 200 ₽/м², гарантия 2 года, договор и акт.",101,Безвоздушная покраска стен и потолков в Ступино,"index, follow, max-image-preview:large, max-snippet:-1, max-video-preview:-1","AdministrativeArea; Answer; BreadcrumbList; City; ContactPoint; FAQPage; GeoCoordinates; ImageObject; ListItem; Offer; OpeningHoursSpecification; PostalAddress; Question; Service; ServiceChannel; UnitPriceSpecification; WebPage; WebSite; ['Organization', 'LocalBusiness', 'HomeAndConstructionBusiness']",9,2,105677,1826,
https://sk-rosa.ru/airless-painting-troitsk,200,https://sk-rosa.ru/airless-painting-troitsk,Безвоздушная покраска в Троицке от 200 ₽/м² | ROSA,50,"Безвоздушная покраска в Троицке: стены, потолки, фасады. От 200 ₽/м², гарантия 2 года, договор и акт.",101,Безвоздушная покраска стен и потолков в Троицке,"index, follow, max-image-preview:large, max-snippet:-1, max-video-preview:-1","AdministrativeArea; Answer; BreadcrumbList; City; ContactPoint; FAQPage; GeoCoordinates; ImageObject; ListItem; Offer; OpeningHoursSpecification; PostalAddress; Question; Service; ServiceChannel; UnitPriceSpecification; WebPage; WebSite; ['Organization', 'LocalBusiness', 'HomeAndConstructionBusiness']",7,2,105894,1839,
https://sk-rosa.ru/airless-painting-fryazino,200,https://sk-rosa.ru/airless-painting-fryazino,Безвоздушная покраска в Фрязино от 200 ₽/м² | ROSA,50,"Безвоздушная покраска в Фрязино: стены, потолки, фасады. От 200 ₽/м², гарантия 2 года, договор и акт.",101,Безвоздушная покраска стен и потолков в Фрязино,"index, follow, max-image-preview:large, max-snippet:-1, max-video-preview:-1","AdministrativeArea; Answer; BreadcrumbList; City; ContactPoint; FAQPage; GeoCoordinates; ImageObject; ListItem; Offer; OpeningHoursSpecification; PostalAddress; Question; Service; ServiceChannel; UnitPriceSpecification; WebPage; WebSite; ['Organization', 'LocalBusiness', 'HomeAndConstructionBusiness']",7,2,105751,1822,
https://sk-rosa.ru/airless-painting-chekhov,200,https://sk-rosa.ru/airless-painting-chekhov,Безвоздушная покраска в Чехове от 200 ₽/м² | ROSA,49,"Безвоздушная покраска дома в Чехове от 200 ₽/м². Проверка влажности и температуры, работа с высокими потолками, пробный выкрас и защита отделки.",144,Безвоздушная покраска стен и потолков в Чехове,"index, follow, max-image-preview:large, max-snippet:-1, max-video-preview:-1","AdministrativeArea; Answer; BreadcrumbList; City; ContactPoint; FAQPage; GeoCoordinates; ImageObject; ListItem; Offer; OpeningHoursSpecification; PostalAddress; Question; Service; ServiceChannel; UnitPriceSpecification; WebPage; WebSite; ['Organization', 'LocalBusiness', 'HomeAndConstructionBusiness']",8,2,99847,1453,
https://sk-rosa.ru/airless-painting-korolev,200,https://sk-rosa.ru/airless-painting-korolev,Безвоздушная покраска в Королёве от 200 ₽/м² | ROSA,51,"Безвоздушная покраска в Королёве: стены, потолки, фасады. От 200 ₽/м², гарантия 2 года, договор и акт.",102,Безвоздушная покраска стен и потолков в Королёве,"index, follow, max-image-preview:large, max-snippet:-1, max-video-preview:-1","AdministrativeArea; Answer; BreadcrumbList; City; ContactPoint; FAQPage; GeoCoordinates; ImageObject; ListItem; Offer; OpeningHoursSpecification; PostalAddress; Question; Service; ServiceChannel; UnitPriceSpecification; WebPage; WebSite; ['Organization', 'LocalBusiness', 'HomeAndConstructionBusiness']",11,2,105793,1815,
https://sk-rosa.ru/airless-painting-sergiev-posad,200,https://sk-rosa.ru/airless-painting-sergiev-posad,Безвоздушная покраска в Сергиевом Посаде от 200 ₽/м² | ROSA,59,"Безвоздушная покраска в Сергиевом Посаде: стены, потолки, фасады. От 200 ₽/м², гарантия 2 года, договор и акт.",110,Безвоздушная покраска стен и потолков в Сергиевом Посаде,"index, follow, max-image-preview:large, max-snippet:-1, max-video-preview:-1","AdministrativeArea; Answer; BreadcrumbList; City; ContactPoint; FAQPage; GeoCoordinates; ImageObject; ListItem; Offer; OpeningHoursSpecification; PostalAddress; Question; Service; ServiceChannel; UnitPriceSpecification; WebPage; WebSite; ['Organization', 'LocalBusiness', 'HomeAndConstructionBusiness']",6,2,107013,1860,
https://sk-rosa.ru/airless-painting-odintsovo,200,https://sk-rosa.ru/airless-painting-odintsovo,Безвоздушная покраска в Одинцово от 200 ₽/м² | ROSA,51,"Безвоздушная покраска в Одинцове от 200 ₽/м². Полноформатный выкрас тёмного матового цвета, контроль партий, бокового света и локальных исправлений.",148,Безвоздушная покраска стен и потолков в Одинцово,"index, follow, max-image-preview:large, max-snippet:-1, max-video-preview:-1","AdministrativeArea; Answer; BreadcrumbList; City; ContactPoint; FAQPage; GeoCoordinates; ImageObject; ListItem; Offer; OpeningHoursSpecification; PostalAddress; Question; Service; ServiceChannel; UnitPriceSpecification; WebPage; WebSite; ['Organization', 'LocalBusiness', 'HomeAndConstructionBusiness']",12,2,99659,1410,
https://sk-rosa.ru/airless-painting-reutov,200,https://sk-rosa.ru/airless-painting-reutov,Безвоздушная покраска в Реутове от 200 ₽/м² | ROSA,50,"Безвоздушная покраска в Реутове: стены, потолки, фасады. От 200 ₽/м², гарантия 2 года, договор и акт.",101,Безвоздушная покраска стен и потолков в Реутове,"index, follow, max-image-preview:large, max-snippet:-1, max-video-preview:-1","AdministrativeArea; Answer; BreadcrumbList; City; ContactPoint; FAQPage; GeoCoordinates; ImageObject; ListItem; Offer; OpeningHoursSpecification; PostalAddress; Question; Service; ServiceChannel; UnitPriceSpecification; WebPage; WebSite; ['Organization', 'LocalBusiness', 'HomeAndConstructionBusiness']",9,2,105741,1828,
https://sk-rosa.ru/airless-painting-lobnya,200,https://sk-rosa.ru/airless-painting-lobnya,Безвоздушная покраска в Лобне от 200 ₽/м² | ROSA,48,"Безвоздушная покраска офиса в Лобне от 200 ₽/м². Работа по кабинетам, защита техники, план проветривания и готовность помещения к следующей смене.",146,Безвоздушная покраска стен и потолков в Лобне,"index, follow, max-image-preview:large, max-snippet:-1, max-video-preview:-1","AdministrativeArea; Answer; BreadcrumbList; City; ContactPoint; FAQPage; GeoCoordinates; ImageObject; ListItem; Offer; OpeningHoursSpecification; PostalAddress; Question; Service; ServiceChannel; UnitPriceSpecification; WebPage; WebSite; ['Organization', 'LocalBusiness', 'HomeAndConstructionBusiness']",10,2,98529,1365,
https://sk-rosa.ru/soft-roofing-balashikha,200,https://sk-rosa.ru/soft-roofing-balashikha,Мягкая кровля в Балашихе от 350 ₽/м² | ROSA,43,"Монтаж и ремонт мягкой кровли в Балашихе: гибкая черепица, ПВХ-мембрана, наплавляемая кровля. От 350 ₽/м², договор и акт.",121,Монтаж мягкой кровли в Балашихе под ключ,"index, follow, max-image-preview:large, max-snippet:-1, max-video-preview:-1","AdministrativeArea; Answer; BreadcrumbList; City; ContactPoint; FAQPage; GeoCoordinates; ImageObject; ListItem; Offer; OpeningHoursSpecification; PostalAddress; Question; Service; ServiceChannel; UnitPriceSpecification; WebPage; WebSite; ['Organization', 'LocalBusiness', 'HomeAndConstructionBusiness']",11,2,105682,1776,
https://sk-rosa.ru/soft-roofing-khimki,200,https://sk-rosa.ru/soft-roofing-khimki,Мягкая кровля в Химках от 350 ₽/м² | ROSA,41,"Монтаж и ремонт мягкой кровли в Химках: гибкая черепица, ПВХ-мембрана, наплавляемая кровля. От 350 ₽/м², договор и акт.",119,Монтаж мягкой кровли в Химках под ключ,"index, follow, max-image-preview:large, max-snippet:-1, max-video-preview:-1","AdministrativeArea; Answer; BreadcrumbList; City; ContactPoint; FAQPage; GeoCoordinates; ImageObject; ListItem; Offer; OpeningHoursSpecification; PostalAddress; Question; Service; ServiceChannel; UnitPriceSpecification; WebPage; WebSite; ['Organization', 'LocalBusiness', 'HomeAndConstructionBusiness']",10,2,105178,1762,
https://sk-rosa.ru/soft-roofing-podolsk,200,https://sk-rosa.ru/soft-roofing-podolsk,Мягкая кровля в Подольске от 350 ₽/м² | ROSA,44,"Мягкая кровля в Подольске от 350 ₽/м². Проверка плоской крыши вокруг вентиляции и оборудования, примыканий, опор и безопасных проходов.",135,Монтаж мягкой кровли в Подольске под ключ,"index, follow, max-image-preview:large, max-snippet:-1, max-video-preview:-1","AdministrativeArea; Answer; BreadcrumbList; City; ContactPoint; FAQPage; GeoCoordinates; ImageObject; ListItem; Offer; OpeningHoursSpecification; PostalAddress; Question; Service; ServiceChannel; UnitPriceSpecification; WebPage; WebSite; ['Organization', 'LocalBusiness', 'HomeAndConstructionBusiness']",11,2,100039,1466,
https://sk-rosa.ru/soft-roofing-lyubertsy,200,https://sk-rosa.ru/soft-roofing-lyubertsy,Мягкая кровля в Люберцах от 350 ₽/м² | ROSA,43,"Монтаж и ремонт мягкой кровли в Люберцах: гибкая черепица, ПВХ-мембрана, наплавляемая кровля. От 350 ₽/м², договор и акт.",121,Монтаж мягкой кровли в Люберцах под ключ,"index, follow, max-image-preview:large, max-snippet:-1, max-video-preview:-1","AdministrativeArea; Answer; BreadcrumbList; City; ContactPoint; FAQPage; GeoCoordinates; ImageObject; ListItem; Offer; OpeningHoursSpecification; PostalAddress; Question; Service; ServiceChannel; UnitPriceSpecification; WebPage; WebSite; ['Organization', 'LocalBusiness', 'HomeAndConstructionBusiness']",14,2,105312,1760,
https://sk-rosa.ru/soft-roofing-mytishchi,200,https://sk-rosa.ru/soft-roofing-mytishchi,Мягкая кровля в Мытищах от 350 ₽/м² | ROSA,42,"Монтаж и ремонт мягкой кровли в Мытищах: гибкая черепица, ПВХ-мембрана, наплавляемая кровля. От 350 ₽/м², договор и акт.",120,Монтаж мягкой кровли в Мытищах под ключ,"index, follow, max-image-preview:large, max-snippet:-1, max-video-preview:-1","AdministrativeArea; Answer; BreadcrumbList; City; ContactPoint; FAQPage; GeoCoordinates; ImageObject; ListItem; Offer; OpeningHoursSpecification; PostalAddress; Question; Service; ServiceChannel; UnitPriceSpecification; WebPage; WebSite; ['Organization', 'LocalBusiness', 'HomeAndConstructionBusiness']",10,2,105460,1769,
https://sk-rosa.ru/soft-roofing-krasnogorsk,200,https://sk-rosa.ru/soft-roofing-krasnogorsk,Мягкая кровля в Красногорске от 350 ₽/м² | ROSA,47,"Монтаж и ремонт мягкой кровли в Красногорске: гибкая черепица, ПВХ-мембрана, наплавляемая кровля. От 350 ₽/м², договор и акт.",125,Монтаж мягкой кровли в Красногорске под ключ,"index, follow, max-image-preview:large, max-snippet:-1, max-video-preview:-1","AdministrativeArea; Answer; BreadcrumbList; City; ContactPoint; FAQPage; GeoCoordinates; ImageObject; ListItem; Offer; OpeningHoursSpecification; PostalAddress; Question; Service; ServiceChannel; UnitPriceSpecification; WebPage; WebSite; ['Organization', 'LocalBusiness', 'HomeAndConstructionBusiness']",10,2,105956,1773,
https://sk-rosa.ru/soft-roofing-elektrostal,200,https://sk-rosa.ru/soft-roofing-elektrostal,Мягкая кровля в Электростали от 350 ₽/м² | ROSA,47,"Монтаж и ремонт мягкой кровли в Электростали: гибкая черепица, ПВХ-мембрана, наплавляемая кровля. От 350 ₽/м², договор и акт.",125,Монтаж мягкой кровли в Электростали под ключ,"index, follow, max-image-preview:large, max-snippet:-1, max-video-preview:-1","AdministrativeArea; Answer; BreadcrumbList; City; ContactPoint; FAQPage; GeoCoordinates; ImageObject; ListItem; Offer; OpeningHoursSpecification; PostalAddress; Question; Service; ServiceChannel; UnitPriceSpecification; WebPage; WebSite; ['Organization', 'LocalBusiness', 'HomeAndConstructionBusiness']",9,2,105812,1756,
https://sk-rosa.ru/soft-roofing-vidnoe,200,https://sk-rosa.ru/soft-roofing-vidnoe,Мягкая кровля в Видном от 350 ₽/м² | ROSA,41,"Монтаж и ремонт мягкой кровли в Видном: гибкая черепица, ПВХ-мембрана, наплавляемая кровля. От 350 ₽/м², договор и акт.",119,Монтаж мягкой кровли в Видном под ключ,"index, follow, max-image-preview:large, max-snippet:-1, max-video-preview:-1","AdministrativeArea; Answer; BreadcrumbList; City; ContactPoint; FAQPage; GeoCoordinates; ImageObject; ListItem; Offer; OpeningHoursSpecification; PostalAddress; Question; Service; ServiceChannel; UnitPriceSpecification; WebPage; WebSite; ['Organization', 'LocalBusiness', 'HomeAndConstructionBusiness']",8,2,105115,1761,
https://sk-rosa.ru/soft-roofing-domodedovo,200,https://sk-rosa.ru/soft-roofing-domodedovo,Мягкая кровля в Домодедове от 350 ₽/м² | ROSA,45,"Монтаж и ремонт мягкой кровли в Домодедове: гибкая черепица, ПВХ-мембрана, наплавляемая кровля. От 350 ₽/м², договор и акт.",123,Монтаж мягкой кровли в Домодедове под ключ,"index, follow, max-image-preview:large, max-snippet:-1, max-video-preview:-1","AdministrativeArea; Answer; BreadcrumbList; City; ContactPoint; FAQPage; GeoCoordinates; ImageObject; ListItem; Offer; OpeningHoursSpecification; PostalAddress; Question; Service; ServiceChannel; UnitPriceSpecification; WebPage; WebSite; ['Organization', 'LocalBusiness', 'HomeAndConstructionBusiness']",10,2,105754,1763,
https://sk-rosa.ru/soft-roofing-dolgoprudny,200,https://sk-rosa.ru/soft-roofing-dolgoprudny,Мягкая кровля в Долгопрудном от 350 ₽/м² | ROSA,47,"Монтаж и ремонт мягкой кровли в Долгопрудном: гибкая черепица, ПВХ-мембрана, наплавляемая кровля. От 350 ₽/м², договор и акт.",125,Монтаж мягкой кровли в Долгопрудном под ключ,"index, follow, max-image-preview:large, max-snippet:-1, max-video-preview:-1","AdministrativeArea; Answer; BreadcrumbList; City; ContactPoint; FAQPage; GeoCoordinates; ImageObject; ListItem; Offer; OpeningHoursSpecification; PostalAddress; Question; Service; ServiceChannel; UnitPriceSpecification; WebPage; WebSite; ['Organization', 'LocalBusiness', 'HomeAndConstructionBusiness']",11,2,105714,1760,
https://sk-rosa.ru/soft-roofing-shchelkovo,200,https://sk-rosa.ru/soft-roofing-shchelkovo,Мягкая кровля в Щёлкове от 350 ₽/м² | ROSA,42,"Монтаж и ремонт мягкой кровли в Щёлкове: гибкая черепица, ПВХ-мембрана, наплавляемая кровля. От 350 ₽/м², договор и акт.",120,Монтаж мягкой кровли в Щёлкове под ключ,"index, follow, max-image-preview:large, max-snippet:-1, max-video-preview:-1","AdministrativeArea; Answer; BreadcrumbList; City; ContactPoint; FAQPage; GeoCoordinates; ImageObject; ListItem; Offer; OpeningHoursSpecification; PostalAddress; Question; Service; ServiceChannel; UnitPriceSpecification; WebPage; WebSite; ['Organization', 'LocalBusiness', 'HomeAndConstructionBusiness']",11,2,105134,1747,
https://sk-rosa.ru/soft-roofing-pushkino,200,https://sk-rosa.ru/soft-roofing-pushkino,Мягкая кровля в Пушкине от 350 ₽/м² | ROSA,42,"Монтаж и ремонт мягкой кровли в Пушкине: гибкая черепица, ПВХ-мембрана, наплавляемая кровля. От 350 ₽/м², договор и акт.",120,Монтаж мягкой кровли в Пушкине под ключ,"index, follow, max-image-preview:large, max-snippet:-1, max-video-preview:-1","AdministrativeArea; Answer; BreadcrumbList; City; ContactPoint; FAQPage; GeoCoordinates; ImageObject; ListItem; Offer; OpeningHoursSpecification; PostalAddress; Question; Service; ServiceChannel; UnitPriceSpecification; WebPage; WebSite; ['Organization', 'LocalBusiness', 'HomeAndConstructionBusiness']",11,2,105114,1749,
https://sk-rosa.ru/soft-roofing-ramenskoe,200,https://sk-rosa.ru/soft-roofing-ramenskoe,Мягкая кровля в Раменском от 350 ₽/м² | ROSA,44,"Монтаж и ремонт мягкой кровли в Раменском: гибкая черепица, ПВХ-мембрана, наплавляемая кровля. От 350 ₽/м², договор и акт.",122,Монтаж мягкой кровли в Раменском под ключ,"index, follow, max-image-preview:large, max-snippet:-1, max-video-preview:-1","AdministrativeArea; Answer; BreadcrumbList; City; ContactPoint; FAQPage; GeoCoordinates; ImageObject; ListItem; Offer; OpeningHoursSpecification; PostalAddress; Question; Service; ServiceChannel; UnitPriceSpecification; WebPage; WebSite; ['Organization', 'LocalBusiness', 'HomeAndConstructionBusiness']",10,2,105531,1757,
https://sk-rosa.ru/soft-roofing-noginsk,200,https://sk-rosa.ru/soft-roofing-noginsk,Мягкая кровля в Ногинске от 350 ₽/м² | ROSA,43,"Монтаж и ремонт мягкой кровли в Ногинске: гибкая черепица, ПВХ-мембрана, наплавляемая кровля. От 350 ₽/м², договор и акт.",121,Монтаж мягкой кровли в Ногинске под ключ,"index, follow, max-image-preview:large, max-snippet:-1, max-video-preview:-1","AdministrativeArea; Answer; BreadcrumbList; City; ContactPoint; FAQPage; GeoCoordinates; ImageObject; ListItem; Offer; OpeningHoursSpecification; PostalAddress; Question; Service; ServiceChannel; UnitPriceSpecification; WebPage; WebSite; ['Organization', 'LocalBusiness', 'HomeAndConstructionBusiness']",11,2,105326,1756,
https://sk-rosa.ru/soft-roofing-istra,200,https://sk-rosa.ru/soft-roofing-istra,Мягкая кровля в Истре от 350 ₽/м² | ROSA,40,"Монтаж и ремонт мягкой кровли в Истре: гибкая черепица, ПВХ-мембрана, наплавляемая кровля. От 350 ₽/м², договор и акт.",118,Монтаж мягкой кровли в Истре под ключ,"index, follow, max-image-preview:large, max-snippet:-1, max-video-preview:-1","AdministrativeArea; Answer; BreadcrumbList; City; ContactPoint; FAQPage; GeoCoordinates; ImageObject; ListItem; Offer; OpeningHoursSpecification; PostalAddress; Question; Service; ServiceChannel; UnitPriceSpecification; WebPage; WebSite; ['Organization', 'LocalBusiness', 'HomeAndConstructionBusiness']",10,2,104967,1754,
https://sk-rosa.ru/soft-roofing-naro-fominsk,200,https://sk-rosa.ru/soft-roofing-naro-fominsk,Мягкая кровля в Наро-Фоминске от 350 ₽/м² | ROSA,48,"Монтаж и ремонт мягкой кровли в Наро-Фоминске: гибкая черепица, ПВХ-мембрана, наплавляемая кровля. От 350 ₽/м², договор и акт.",126,Монтаж мягкой кровли в Наро-Фоминске под ключ,"index, follow, max-image-preview:large, max-snippet:-1, max-video-preview:-1","AdministrativeArea; Answer; BreadcrumbList; City; ContactPoint; FAQPage; GeoCoordinates; ImageObject; ListItem; Offer; OpeningHoursSpecification; PostalAddress; Question; Service; ServiceChannel; UnitPriceSpecification; WebPage; WebSite; ['Organization', 'LocalBusiness', 'HomeAndConstructionBusiness']",9,2,105731,1753,
https://sk-rosa.ru/soft-roofing-aprelevka,200,https://sk-rosa.ru/soft-roofing-aprelevka,Мягкая кровля в Апрелевке от 350 ₽/м² | ROSA,44,"Монтаж и ремонт мягкой кровли в Апрелевке: гибкая черепица, ПВХ-мембрана, наплавляемая кровля. От 350 ₽/м², договор и акт.",122,Монтаж мягкой кровли в Апрелевке под ключ,"index, follow, max-image-preview:large, max-snippet:-1, max-video-preview:-1","AdministrativeArea; Answer; BreadcrumbList; City; ContactPoint; FAQPage; GeoCoordinates; ImageObject; ListItem; Offer; OpeningHoursSpecification; PostalAddress; Question; Service; ServiceChannel; UnitPriceSpecification; WebPage; WebSite; ['Organization', 'LocalBusiness', 'HomeAndConstructionBusiness']",8,2,105362,1750,
https://sk-rosa.ru/soft-roofing-bronnitsy,200,https://sk-rosa.ru/soft-roofing-bronnitsy,Мягкая кровля в Бронницах от 350 ₽/м² | ROSA,44,"Монтаж гибкой черепицы в Бронницах от 350 ₽/м². Проверка сплошного настила, подкладочного ковра, вентиляции, ендов и примыканий до укладки покрытия.",148,Монтаж мягкой кровли в Бронницах под ключ,"index, follow, max-image-preview:large, max-snippet:-1, max-video-preview:-1","AdministrativeArea; Answer; BreadcrumbList; City; ContactPoint; FAQPage; GeoCoordinates; ImageObject; ListItem; Offer; OpeningHoursSpecification; PostalAddress; Question; Service; ServiceChannel; UnitPriceSpecification; WebPage; WebSite; ['Organization', 'LocalBusiness', 'HomeAndConstructionBusiness']",10,2,100333,1478,
https://sk-rosa.ru/soft-roofing-volokolamsk,200,https://sk-rosa.ru/soft-roofing-volokolamsk,Мягкая кровля в Волоколамске от 350 ₽/м² | ROSA,47,"Монтаж и ремонт мягкой кровли в Волоколамске: гибкая черепица, ПВХ-мембрана, наплавляемая кровля. От 350 ₽/м², договор и акт.",125,Монтаж мягкой кровли в Волоколамске под ключ,"index, follow, max-image-preview:large, max-snippet:-1, max-video-preview:-1","AdministrativeArea; Answer; BreadcrumbList; City; ContactPoint; FAQPage; GeoCoordinates; ImageObject; ListItem; Offer; OpeningHoursSpecification; PostalAddress; Question; Service; ServiceChannel; UnitPriceSpecification; WebPage; WebSite; ['Organization', 'LocalBusiness', 'HomeAndConstructionBusiness']",7,2,105703,1753,
https://sk-rosa.ru/soft-roofing-voskresensk,200,https://sk-rosa.ru/soft-roofing-voskresensk,Мягкая кровля в Воскресенске от 350 ₽/м² | ROSA,47,"Монтаж и ремонт мягкой кровли в Воскресенске: гибкая черепица, ПВХ-мембрана, наплавляемая кровля. От 350 ₽/м², договор и акт.",125,Монтаж мягкой кровли в Воскресенске под ключ,"index, follow, max-image-preview:large, max-snippet:-1, max-video-preview:-1","AdministrativeArea; Answer; BreadcrumbList; City; ContactPoint; FAQPage; GeoCoordinates; ImageObject; ListItem; Offer; OpeningHoursSpecification; PostalAddress; Question; Service; ServiceChannel; UnitPriceSpecification; WebPage; WebSite; ['Organization', 'LocalBusiness', 'HomeAndConstructionBusiness']",9,2,105753,1755,
https://sk-rosa.ru/soft-roofing-golitsyino,200,https://sk-rosa.ru/soft-roofing-golitsyino,Мягкая кровля в Голицыно от 350 ₽/м² | ROSA,43,"Монтаж и ремонт мягкой кровли в Голицыно: гибкая черепица, ПВХ-мембрана, наплавляемая кровля. От 350 ₽/м², договор и акт.",121,Монтаж мягкой кровли в Голицыно под ключ,"index, follow, max-image-preview:large, max-snippet:-1, max-video-preview:-1","AdministrativeArea; Answer; BreadcrumbList; City; ContactPoint; FAQPage; GeoCoordinates; ImageObject; ListItem; Offer; OpeningHoursSpecification; PostalAddress; Question; Service; ServiceChannel; UnitPriceSpecification; WebPage; WebSite; ['Organization', 'LocalBusiness', 'HomeAndConstructionBusiness']",10,2,105390,1756,
https://sk-rosa.ru/soft-roofing-dmitrov,200,https://sk-rosa.ru/soft-roofing-dmitrov,Мягкая кровля в Дмитрове от 350 ₽/м² | ROSA,43,"Осмотр мягкой кровли в Дмитрове от 350 ₽/м² после зимы. Проверка швов, креплений, водоотвода, снегозадержателей и повреждений льдом.",132,Монтаж мягкой кровли в Дмитрове под ключ,"index, follow, max-image-preview:large, max-snippet:-1, max-video-preview:-1","AdministrativeArea; Answer; BreadcrumbList; City; ContactPoint; FAQPage; GeoCoordinates; ImageObject; ListItem; Offer; OpeningHoursSpecification; PostalAddress; Question; Service; ServiceChannel; UnitPriceSpecification; WebPage; WebSite; ['Organization', 'LocalBusiness', 'HomeAndConstructionBusiness']",9,2,99588,1453,
https://sk-rosa.ru/soft-roofing-egorievsk,200,https://sk-rosa.ru/soft-roofing-egorievsk,Мягкая кровля в Егорьевске от 350 ₽/м² | ROSA,45,"Ремонт мягкой кровли в Егорьевске от 350 ₽/м². Поиск причины протечки, проверка примыканий и водоотвода, карта ремонта и контроль после осадков.",144,Монтаж мягкой кровли в Егорьевске под ключ,"index, follow, max-image-preview:large, max-snippet:-1, max-video-preview:-1","AdministrativeArea; Answer; BreadcrumbList; City; ContactPoint; FAQPage; GeoCoordinates; ImageObject; ListItem; Offer; OpeningHoursSpecification; PostalAddress; Question; Service; ServiceChannel; UnitPriceSpecification; WebPage; WebSite; ['Organization', 'LocalBusiness', 'HomeAndConstructionBusiness']",9,2,100596,1500,
https://sk-rosa.ru/soft-roofing-zheleznodorozhny,200,https://sk-rosa.ru/soft-roofing-zheleznodorozhny,Мягкая кровля в Железнодорожном от 350 ₽/м² | ROSA,50,"Монтаж и ремонт мягкой кровли в Железнодорожном: гибкая черепица, ПВХ-мембрана, наплавляемая кровля. От 350 ₽/м², договор и акт.",128,Монтаж мягкой кровли в Железнодорожном под ключ,"index, follow, max-image-preview:large, max-snippet:-1, max-video-preview:-1","AdministrativeArea; Answer; BreadcrumbList; City; ContactPoint; FAQPage; GeoCoordinates; ImageObject; ListItem; Offer; OpeningHoursSpecification; PostalAddress; Question; Service; ServiceChannel; UnitPriceSpecification; WebPage; WebSite; ['Organization', 'LocalBusiness', 'HomeAndConstructionBusiness']",7,2,106161,1758,
https://sk-rosa.ru/soft-roofing-zhukovsky,200,https://sk-rosa.ru/soft-roofing-zhukovsky,Мягкая кровля в Жуковском от 350 ₽/м² | ROSA,44,"Монтаж и ремонт мягкой кровли в Жуковском: гибкая черепица, ПВХ-мембрана, наплавляемая кровля. От 350 ₽/м², договор и акт.",122,Монтаж мягкой кровли в Жуковском под ключ,"index, follow, max-image-preview:large, max-snippet:-1, max-video-preview:-1","AdministrativeArea; Answer; BreadcrumbList; City; ContactPoint; FAQPage; GeoCoordinates; ImageObject; ListItem; Offer; OpeningHoursSpecification; PostalAddress; Question; Service; ServiceChannel; UnitPriceSpecification; WebPage; WebSite; ['Organization', 'LocalBusiness', 'HomeAndConstructionBusiness']",9,2,105358,1751,
https://sk-rosa.ru/soft-roofing-zaraysk,200,https://sk-rosa.ru/soft-roofing-zaraysk,Мягкая кровля в Зарайске от 350 ₽/м² | ROSA,43,"Монтаж и ремонт мягкой кровли в Зарайске: гибкая черепица, ПВХ-мембрана, наплавляемая кровля. От 350 ₽/м², договор и акт.",121,Монтаж мягкой кровли в Зарайске под ключ,"index, follow, max-image-preview:large, max-snippet:-1, max-video-preview:-1","AdministrativeArea; Answer; BreadcrumbList; City; ContactPoint; FAQPage; GeoCoordinates; ImageObject; ListItem; Offer; OpeningHoursSpecification; PostalAddress; Question; Service; ServiceChannel; UnitPriceSpecification; WebPage; WebSite; ['Organization', 'LocalBusiness', 'HomeAndConstructionBusiness']",9,2,105295,1756,
https://sk-rosa.ru/soft-roofing-zvenigorod,200,https://sk-rosa.ru/soft-roofing-zvenigorod,Мягкая кровля в Звенигороде от 350 ₽/м² | ROSA,46,"Монтаж и ремонт мягкой кровли в Звенигороде: гибкая черепица, ПВХ-мембрана, наплавляемая кровля. От 350 ₽/м², договор и акт.",124,Монтаж мягкой кровли в Звенигороде под ключ,"index, follow, max-image-preview:large, max-snippet:-1, max-video-preview:-1","AdministrativeArea; Answer; BreadcrumbList; City; ContactPoint; FAQPage; GeoCoordinates; ImageObject; ListItem; Offer; OpeningHoursSpecification; PostalAddress; Question; Service; ServiceChannel; UnitPriceSpecification; WebPage; WebSite; ['Organization', 'LocalBusiness', 'HomeAndConstructionBusiness']",10,2,105567,1753,
https://sk-rosa.ru/soft-roofing-ivanteevka,200,https://sk-rosa.ru/soft-roofing-ivanteevka,Мягкая кровля в Ивантеевке от 350 ₽/м² | ROSA,45,"Монтаж и ремонт мягкой кровли в Ивантеевке: гибкая черепица, ПВХ-мембрана, наплавляемая кровля. От 350 ₽/м², договор и акт.",123,Монтаж мягкой кровли в Ивантеевке под ключ,"index, follow, max-image-preview:large, max-snippet:-1, max-video-preview:-1","AdministrativeArea; Answer; BreadcrumbList; City; ContactPoint; FAQPage; GeoCoordinates; ImageObject; ListItem; Offer; OpeningHoursSpecification; PostalAddress; Question; Service; ServiceChannel; UnitPriceSpecification; WebPage; WebSite; ['Organization', 'LocalBusiness', 'HomeAndConstructionBusiness']",9,2,105417,1748,
https://sk-rosa.ru/soft-roofing-kashira,200,https://sk-rosa.ru/soft-roofing-kashira,Мягкая кровля в Кашире от 350 ₽/м² | ROSA,41,"Монтаж и ремонт мягкой кровли в Кашире: гибкая черепица, ПВХ-мембрана, наплавляемая кровля. От 350 ₽/м², договор и акт.",119,Монтаж мягкой кровли в Кашире под ключ,"index, follow, max-image-preview:large, max-snippet:-1, max-video-preview:-1","AdministrativeArea; Answer; BreadcrumbList; City; ContactPoint; FAQPage; GeoCoordinates; ImageObject; ListItem; Offer; OpeningHoursSpecification; PostalAddress; Question; Service; ServiceChannel; UnitPriceSpecification; WebPage; WebSite; ['Organization', 'LocalBusiness', 'HomeAndConstructionBusiness']",8,2,105057,1752,
https://sk-rosa.ru/soft-roofing-kolomna,200,https://sk-rosa.ru/soft-roofing-kolomna,Мягкая кровля в Коломне от 350 ₽/м² | ROSA,42,"Монтаж и ремонт мягкой кровли в Коломне: гибкая черепица, ПВХ-мембрана, наплавляемая кровля. От 350 ₽/м², договор и акт.",120,Монтаж мягкой кровли в Коломне под ключ,"index, follow, max-image-preview:large, max-snippet:-1, max-video-preview:-1","AdministrativeArea; Answer; BreadcrumbList; City; ContactPoint; FAQPage; GeoCoordinates; ImageObject; ListItem; Offer; OpeningHoursSpecification; PostalAddress; Question; Service; ServiceChannel; UnitPriceSpecification; WebPage; WebSite; ['Organization', 'LocalBusiness', 'HomeAndConstructionBusiness']",12,2,105078,1746,
https://sk-rosa.ru/soft-roofing-losino-petrovsky,200,https://sk-rosa.ru/soft-roofing-losino-petrovsky,Мягкая кровля в Лосино-Петровском от 350 ₽/м² | ROSA,52,"Монтаж и ремонт мягкой кровли в Лосино-Петровском: гибкая черепица, ПВХ-мембрана, наплавляемая кровля. От 350 ₽/м², договор и акт.",130,Монтаж мягкой кровли в Лосино-Петровском под ключ,"index, follow, max-image-preview:large, max-snippet:-1, max-video-preview:-1","AdministrativeArea; Answer; BreadcrumbList; City; ContactPoint; FAQPage; GeoCoordinates; ImageObject; ListItem; Offer; OpeningHoursSpecification; PostalAddress; Question; Service; ServiceChannel; UnitPriceSpecification; WebPage; WebSite; ['Organization', 'LocalBusiness', 'HomeAndConstructionBusiness']",7,2,106181,1752,
https://sk-rosa.ru/soft-roofing-lukhovitsy,200,https://sk-rosa.ru/soft-roofing-lukhovitsy,Мягкая кровля в Луховицах от 350 ₽/м² | ROSA,44,"Монтаж и ремонт мягкой кровли в Луховицах: гибкая черепица, ПВХ-мембрана, наплавляемая кровля. От 350 ₽/м², договор и акт.",122,Монтаж мягкой кровли в Луховицах под ключ,"index, follow, max-image-preview:large, max-snippet:-1, max-video-preview:-1","AdministrativeArea; Answer; BreadcrumbList; City; ContactPoint; FAQPage; GeoCoordinates; ImageObject; ListItem; Offer; OpeningHoursSpecification; PostalAddress; Question; Service; ServiceChannel; UnitPriceSpecification; WebPage; WebSite; ['Organization', 'LocalBusiness', 'HomeAndConstructionBusiness']",8,2,105387,1753,
https://sk-rosa.ru/soft-roofing-malakhovka,200,https://sk-rosa.ru/soft-roofing-malakhovka,Мягкая кровля в Малаховке от 350 ₽/м² | ROSA,44,"Монтаж и ремонт мягкой кровли в Малаховке: гибкая черепица, ПВХ-мембрана, наплавляемая кровля. От 350 ₽/м², договор и акт.",122,Монтаж мягкой кровли в Малаховке под ключ,"index, follow, max-image-preview:large, max-snippet:-1, max-video-preview:-1","AdministrativeArea; Answer; BreadcrumbList; City; ContactPoint; FAQPage; GeoCoordinates; ImageObject; ListItem; Offer; OpeningHoursSpecification; PostalAddress; Question; Service; ServiceChannel; UnitPriceSpecification; WebPage; WebSite; ['Organization', 'LocalBusiness', 'HomeAndConstructionBusiness']",6,2,105344,1748,
https://sk-rosa.ru/soft-roofing-monino,200,https://sk-rosa.ru/soft-roofing-monino,Мягкая кровля в Монино от 350 ₽/м² | ROSA,41,"Монтаж и ремонт мягкой кровли в Монино: гибкая черепица, ПВХ-мембрана, наплавляемая кровля. От 350 ₽/м², договор и акт.",119,Монтаж мягкой кровли в Монино под ключ,"index, follow, max-image-preview:large, max-snippet:-1, max-video-preview:-1","AdministrativeArea; Answer; BreadcrumbList; City; ContactPoint; FAQPage; GeoCoordinates; ImageObject; ListItem; Offer; OpeningHoursSpecification; PostalAddress; Question; Service; ServiceChannel; UnitPriceSpecification; WebPage; WebSite; ['Organization', 'LocalBusiness', 'HomeAndConstructionBusiness']",11,2,105005,1749,
https://sk-rosa.ru/soft-roofing-orekhovo-zuevo,200,https://sk-rosa.ru/soft-roofing-orekhovo-zuevo,Мягкая кровля в Орехово-Зуево от 350 ₽/м² | ROSA,48,"Мягкая кровля гаража в Орехово-Зуеве от 350 ₽/м². Проверка основания и уклона, выбор рулонного материала, примыкания и отвод воды.",130,Монтаж мягкой кровли в Орехово-Зуево под ключ,"index, follow, max-image-preview:large, max-snippet:-1, max-video-preview:-1","AdministrativeArea; Answer; BreadcrumbList; City; ContactPoint; FAQPage; GeoCoordinates; ImageObject; ListItem; Offer; OpeningHoursSpecification; PostalAddress; Question; Service; ServiceChannel; UnitPriceSpecification; WebPage; WebSite; ['Organization', 'LocalBusiness', 'HomeAndConstructionBusiness']",8,2,100098,1457,
https://sk-rosa.ru/soft-roofing-serpukhov,200,https://sk-rosa.ru/soft-roofing-serpukhov,Мягкая кровля в Серпухове от 350 ₽/м² | ROSA,44,"Монтаж и ремонт мягкой кровли в Серпухове: гибкая черепица, ПВХ-мембрана, наплавляемая кровля. От 350 ₽/м², договор и акт.",122,Монтаж мягкой кровли в Серпухове под ключ,"index, follow, max-image-preview:large, max-snippet:-1, max-video-preview:-1","AdministrativeArea; Answer; BreadcrumbList; City; ContactPoint; FAQPage; GeoCoordinates; ImageObject; ListItem; Offer; OpeningHoursSpecification; PostalAddress; Question; Service; ServiceChannel; UnitPriceSpecification; WebPage; WebSite; ['Organization', 'LocalBusiness', 'HomeAndConstructionBusiness']",8,2,105366,1753,
https://sk-rosa.ru/soft-roofing-solnechnogorsk,200,https://sk-rosa.ru/soft-roofing-solnechnogorsk,Мягкая кровля в Солнечногорске от 350 ₽/м² | ROSA,49,"Монтаж и ремонт мягкой кровли в Солнечногорске: гибкая черепица, ПВХ-мембрана, наплавляемая кровля. От 350 ₽/м², договор и акт.",127,Монтаж мягкой кровли в Солнечногорске под ключ,"index, follow, max-image-preview:large, max-snippet:-1, max-video-preview:-1","AdministrativeArea; Answer; BreadcrumbList; City; ContactPoint; FAQPage; GeoCoordinates; ImageObject; ListItem; Offer; OpeningHoursSpecification; PostalAddress; Question; Service; ServiceChannel; UnitPriceSpecification; WebPage; WebSite; ['Organization', 'LocalBusiness', 'HomeAndConstructionBusiness']",8,2,105907,1754,
https://sk-rosa.ru/soft-roofing-staraya-kupavna,200,https://sk-rosa.ru/soft-roofing-staraya-kupavna,Мягкая кровля в Старой Купавне от 350 ₽/м² | ROSA,49,"Обслуживание мягкой кровли в Старой Купавне от 350 ₽/м². Карта дефектов, очистка водоотвода, проверка швов и примыканий, план локального ремонта.",145,Монтаж мягкой кровли в Старой Купавне под ключ,"index, follow, max-image-preview:large, max-snippet:-1, max-video-preview:-1","AdministrativeArea; Answer; BreadcrumbList; City; ContactPoint; FAQPage; GeoCoordinates; ImageObject; ListItem; Offer; OpeningHoursSpecification; PostalAddress; Question; Service; ServiceChannel; UnitPriceSpecification; WebPage; WebSite; ['Organization', 'LocalBusiness', 'HomeAndConstructionBusiness']",8,2,100935,1501,
https://sk-rosa.ru/soft-roofing-stupino,200,https://sk-rosa.ru/soft-roofing-stupino,Мягкая кровля в Ступино от 350 ₽/м² | ROSA,42,"Монтаж и ремонт мягкой кровли в Ступино: гибкая черепица, ПВХ-мембрана, наплавляемая кровля. От 350 ₽/м², договор и акт.",120,Монтаж мягкой кровли в Ступино под ключ,"index, follow, max-image-preview:large, max-snippet:-1, max-video-preview:-1","AdministrativeArea; Answer; BreadcrumbList; City; ContactPoint; FAQPage; GeoCoordinates; ImageObject; ListItem; Offer; OpeningHoursSpecification; PostalAddress; Question; Service; ServiceChannel; UnitPriceSpecification; WebPage; WebSite; ['Organization', 'LocalBusiness', 'HomeAndConstructionBusiness']",9,2,105064,1748,
https://sk-rosa.ru/soft-roofing-troitsk,200,https://sk-rosa.ru/soft-roofing-troitsk,Мягкая кровля в Троицке от 350 ₽/м² | ROSA,42,"Монтаж и ремонт мягкой кровли в Троицке: гибкая черепица, ПВХ-мембрана, наплавляемая кровля. От 350 ₽/м², договор и акт.",120,Монтаж мягкой кровли в Троицке под ключ,"index, follow, max-image-preview:large, max-snippet:-1, max-video-preview:-1","AdministrativeArea; Answer; BreadcrumbList; City; ContactPoint; FAQPage; GeoCoordinates; ImageObject; ListItem; Offer; OpeningHoursSpecification; PostalAddress; Question; Service; ServiceChannel; UnitPriceSpecification; WebPage; WebSite; ['Organization', 'LocalBusiness', 'HomeAndConstructionBusiness']",7,2,105082,1748,
https://sk-rosa.ru/soft-roofing-fryazino,200,https://sk-rosa.ru/soft-roofing-fryazino,Мягкая кровля в Фрязино от 350 ₽/м² | ROSA,42,"Мягкая кровля во Фрязине от 350 ₽/м². Устройство примыканий к дымоходам и трубам, проверка основания, разуклонки и скрытых слоёв.",129,Монтаж мягкой кровли в Фрязино под ключ,"index, follow, max-image-preview:large, max-snippet:-1, max-video-preview:-1","AdministrativeArea; Answer; BreadcrumbList; City; ContactPoint; FAQPage; GeoCoordinates; ImageObject; ListItem; Offer; OpeningHoursSpecification; PostalAddress; Question; Service; ServiceChannel; UnitPriceSpecification; WebPage; WebSite; ['Organization', 'LocalBusiness', 'HomeAndConstructionBusiness']",7,2,99597,1451,
https://sk-rosa.ru/soft-roofing-chekhov,200,https://sk-rosa.ru/soft-roofing-chekhov,Мягкая кровля в Чехове от 350 ₽/м² | ROSA,41,"Монтаж и ремонт мягкой кровли в Чехове: гибкая черепица, ПВХ-мембрана, наплавляемая кровля. От 350 ₽/м², договор и акт.",119,Монтаж мягкой кровли в Чехове под ключ,"index, follow, max-image-preview:large, max-snippet:-1, max-video-preview:-1","AdministrativeArea; Answer; BreadcrumbList; City; ContactPoint; FAQPage; GeoCoordinates; ImageObject; ListItem; Offer; OpeningHoursSpecification; PostalAddress; Question; Service; ServiceChannel; UnitPriceSpecification; WebPage; WebSite; ['Organization', 'LocalBusiness', 'HomeAndConstructionBusiness']",8,2,104975,1747,
https://sk-rosa.ru/soft-roofing-korolev,200,https://sk-rosa.ru/soft-roofing-korolev,Мягкая кровля в Королёве от 350 ₽/м² | ROSA,43,"Монтаж и ремонт мягкой кровли в Королёве: гибкая черепица, ПВХ-мембрана, наплавляемая кровля. От 350 ₽/м², договор и акт.",121,Монтаж мягкой кровли в Королёве под ключ,"index, follow, max-image-preview:large, max-snippet:-1, max-video-preview:-1","AdministrativeArea; Answer; BreadcrumbList; City; ContactPoint; FAQPage; GeoCoordinates; ImageObject; ListItem; Offer; OpeningHoursSpecification; PostalAddress; Question; Service; ServiceChannel; UnitPriceSpecification; WebPage; WebSite; ['Organization', 'LocalBusiness', 'HomeAndConstructionBusiness']",11,2,105138,1747,
https://sk-rosa.ru/soft-roofing-sergiev-posad,200,https://sk-rosa.ru/soft-roofing-sergiev-posad,Мягкая кровля в Сергиевом Посаде от 350 ₽/м² | ROSA,51,"Монтаж и ремонт мягкой кровли в Сергиевом Посаде: гибкая черепица, ПВХ-мембрана, наплавляемая кровля. От 350 ₽/м², договор и акт.",129,Монтаж мягкой кровли в Сергиевом Посаде под ключ,"index, follow, max-image-preview:large, max-snippet:-1, max-video-preview:-1","AdministrativeArea; Answer; BreadcrumbList; City; ContactPoint; FAQPage; GeoCoordinates; ImageObject; ListItem; Offer; OpeningHoursSpecification; PostalAddress; Question; Service; ServiceChannel; UnitPriceSpecification; WebPage; WebSite; ['Organization', 'LocalBusiness', 'HomeAndConstructionBusiness']",6,2,106228,1775,
https://sk-rosa.ru/soft-roofing-odintsovo,200,https://sk-rosa.ru/soft-roofing-odintsovo,Мягкая кровля в Одинцово от 350 ₽/м² | ROSA,43,"Монтаж и ремонт мягкой кровли в Одинцово: гибкая черепица, ПВХ-мембрана, наплавляемая кровля. От 350 ₽/м², договор и акт.",121,Монтаж мягкой кровли в Одинцово под ключ,"index, follow, max-image-preview:large, max-snippet:-1, max-video-preview:-1","AdministrativeArea; Answer; BreadcrumbList; City; ContactPoint; FAQPage; GeoCoordinates; ImageObject; ListItem; Offer; OpeningHoursSpecification; PostalAddress; Question; Service; ServiceChannel; UnitPriceSpecification; WebPage; WebSite; ['Organization', 'LocalBusiness', 'HomeAndConstructionBusiness']",12,2,105351,1759,
https://sk-rosa.ru/soft-roofing-reutov,200,https://sk-rosa.ru/soft-roofing-reutov,Мягкая кровля в Реутове от 350 ₽/м² | ROSA,42,"Монтаж и ремонт мягкой кровли в Реутове: гибкая черепица, ПВХ-мембрана, наплавляемая кровля. От 350 ₽/м², договор и акт.",120,Монтаж мягкой кровли в Реутове под ключ,"index, follow, max-image-preview:large, max-snippet:-1, max-video-preview:-1","AdministrativeArea; Answer; BreadcrumbList; City; ContactPoint; FAQPage; GeoCoordinates; ImageObject; ListItem; Offer; OpeningHoursSpecification; PostalAddress; Question; Service; ServiceChannel; UnitPriceSpecification; WebPage; WebSite; ['Organization', 'LocalBusiness', 'HomeAndConstructionBusiness']",9,2,105299,1766,
https://sk-rosa.ru/soft-roofing-lobnya,200,https://sk-rosa.ru/soft-roofing-lobnya,Мягкая кровля в Лобне от 350 ₽/м² | ROSA,40,"Монтаж и ремонт мягкой кровли в Лобне: гибкая черепица, ПВХ-мембрана, наплавляемая кровля. От 350 ₽/м², договор и акт.",118,Монтаж мягкой кровли в Лобне под ключ,"index, follow, max-image-preview:large, max-snippet:-1, max-video-preview:-1","AdministrativeArea; Answer; BreadcrumbList; City; ContactPoint; FAQPage; GeoCoordinates; ImageObject; ListItem; Offer; OpeningHoursSpecification; PostalAddress; Question; Service; ServiceChannel; UnitPriceSpecification; WebPage; WebSite; ['Organization', 'LocalBusiness', 'HomeAndConstructionBusiness']",10,2,104998,1759,
https://sk-rosa.ru/biozashchita-balashikha,200,https://sk-rosa.ru/biozashchita-balashikha,Огнебиозащита в Балашихе от 200 ₽/м² | ROSA,43,"Огнебиозащитная обработка в Балашихе: дерево, стропила, чердаки, металлоконструкции. От 200 ₽/м², смета, договор и акты.",120,Огнебиозащита конструкций в Балашихе,"index, follow, max-image-preview:large, max-snippet:-1, max-video-preview:-1","AdministrativeArea; Answer; BreadcrumbList; City; ContactPoint; FAQPage; GeoCoordinates; ImageObject; ListItem; Offer; OpeningHoursSpecification; PostalAddress; Question; Service; ServiceChannel; UnitPriceSpecification; WebPage; WebSite; ['Organization', 'LocalBusiness', 'HomeAndConstructionBusiness']",11,2,101523,1566,
https://sk-rosa.ru/biozashchita-khimki,200,https://sk-rosa.ru/biozashchita-khimki,Огнебиозащита в Химках от 200 ₽/м² | ROSA,41,"Огнебиозащитная обработка в Химках: дерево, стропила, чердаки, металлоконструкции. От 200 ₽/м², смета, договор и акты.",118,Огнебиозащита конструкций в Химках,"index, follow, max-image-preview:large, max-snippet:-1, max-video-preview:-1","AdministrativeArea; Answer; BreadcrumbList; City; ContactPoint; FAQPage; GeoCoordinates; ImageObject; ListItem; Offer; OpeningHoursSpecification; PostalAddress; Question; Service; ServiceChannel; UnitPriceSpecification; WebPage; WebSite; ['Organization', 'LocalBusiness', 'HomeAndConstructionBusiness']",10,2,100606,1509,
https://sk-rosa.ru/biozashchita-podolsk,200,https://sk-rosa.ru/biozashchita-podolsk,Огнебиозащита в Подольске от 200 ₽/м² | ROSA,44,"Огнебиозащитная обработка в Подольске: дерево, стропила, чердаки, металлоконструкции. От 200 ₽/м², смета, договор и акты.",121,Огнебиозащита конструкций в Подольске,"index, follow, max-image-preview:large, max-snippet:-1, max-video-preview:-1","AdministrativeArea; Answer; BreadcrumbList; City; ContactPoint; FAQPage; GeoCoordinates; ImageObject; ListItem; Offer; OpeningHoursSpecification; PostalAddress; Question; Service; ServiceChannel; UnitPriceSpecification; WebPage; WebSite; ['Organization', 'LocalBusiness', 'HomeAndConstructionBusiness']",11,2,101101,1513,
https://sk-rosa.ru/biozashchita-lyubertsy,200,https://sk-rosa.ru/biozashchita-lyubertsy,Огнебиозащита в Люберцах от 200 ₽/м² | ROSA,43,"Огнебиозащитная обработка в Люберцах: дерево, стропила, чердаки, металлоконструкции. От 200 ₽/м², смета, договор и акты.",120,Огнебиозащита конструкций в Люберцах,"index, follow, max-image-preview:large, max-snippet:-1, max-video-preview:-1","AdministrativeArea; Answer; BreadcrumbList; City; ContactPoint; FAQPage; GeoCoordinates; ImageObject; ListItem; Offer; OpeningHoursSpecification; PostalAddress; Question; Service; ServiceChannel; UnitPriceSpecification; WebPage; WebSite; ['Organization', 'LocalBusiness', 'HomeAndConstructionBusiness']",14,2,101169,1515,
https://sk-rosa.ru/biozashchita-mytishchi,200,https://sk-rosa.ru/biozashchita-mytishchi,Огнебиозащита в Мытищах от 200 ₽/м² | ROSA,42,"Огнебиозащитная обработка в Мытищах: дерево, стропила, чердаки, металлоконструкции. От 200 ₽/м², смета, договор и акты.",119,Огнебиозащита конструкций в Мытищах,"index, follow, max-image-preview:large, max-snippet:-1, max-video-preview:-1","AdministrativeArea; Answer; BreadcrumbList; City; ContactPoint; FAQPage; GeoCoordinates; ImageObject; ListItem; Offer; OpeningHoursSpecification; PostalAddress; Question; Service; ServiceChannel; UnitPriceSpecification; WebPage; WebSite; ['Organization', 'LocalBusiness', 'HomeAndConstructionBusiness']",10,2,101288,1524,
https://sk-rosa.ru/biozashchita-krasnogorsk,200,https://sk-rosa.ru/biozashchita-krasnogorsk,Огнебиозащита в Красногорске от 200 ₽/м² | ROSA,47,"Огнебиозащитная обработка в Красногорске: дерево, стропила, чердаки, металлоконструкции. От 200 ₽/м², смета, договор и акты.",124,Огнебиозащита конструкций в Красногорске,"index, follow, max-image-preview:large, max-snippet:-1, max-video-preview:-1","AdministrativeArea; Answer; BreadcrumbList; City; ContactPoint; FAQPage; GeoCoordinates; ImageObject; ListItem; Offer; OpeningHoursSpecification; PostalAddress; Question; Service; ServiceChannel; UnitPriceSpecification; WebPage; WebSite; ['Organization', 'LocalBusiness', 'HomeAndConstructionBusiness']",10,2,101584,1529,
https://sk-rosa.ru/biozashchita-elektrostal,200,https://sk-rosa.ru/biozashchita-elektrostal,Огнебиозащита в Электростали от 200 ₽/м² | ROSA,47,"Огнебиозащитная обработка в Электростали: дерево, стропила, чердаки, металлоконструкции. От 200 ₽/м², смета, договор и акты.",124,Огнебиозащита конструкций в Электростали,"index, follow, max-image-preview:large, max-snippet:-1, max-video-preview:-1","AdministrativeArea; Answer; BreadcrumbList; City; ContactPoint; FAQPage; GeoCoordinates; ImageObject; ListItem; Offer; OpeningHoursSpecification; PostalAddress; Question; Service; ServiceChannel; UnitPriceSpecification; WebPage; WebSite; ['Organization', 'LocalBusiness', 'HomeAndConstructionBusiness']",9,2,101733,1526,
https://sk-rosa.ru/biozashchita-vidnoe,200,https://sk-rosa.ru/biozashchita-vidnoe,Огнебиозащита в Видном от 200 ₽/м² | ROSA,41,"Огнебиозащитная обработка в Видном: дерево, стропила, чердаки, металлоконструкции. От 200 ₽/м², смета, договор и акты.",118,Огнебиозащита конструкций в Видном,"index, follow, max-image-preview:large, max-snippet:-1, max-video-preview:-1","AdministrativeArea; Answer; BreadcrumbList; City; ContactPoint; FAQPage; GeoCoordinates; ImageObject; ListItem; Offer; OpeningHoursSpecification; PostalAddress; Question; Service; ServiceChannel; UnitPriceSpecification; WebPage; WebSite; ['Organization', 'LocalBusiness', 'HomeAndConstructionBusiness']",8,2,101059,1521,
https://sk-rosa.ru/biozashchita-domodedovo,200,https://sk-rosa.ru/biozashchita-domodedovo,Огнебиозащита в Домодедове от 200 ₽/м² | ROSA,45,"Огнебиозащитная обработка в Домодедове: дерево, стропила, чердаки, металлоконструкции. От 200 ₽/м², смета, договор и акты.",122,Огнебиозащита конструкций в Домодедове,"index, follow, max-image-preview:large, max-snippet:-1, max-video-preview:-1","AdministrativeArea; Answer; BreadcrumbList; City; ContactPoint; FAQPage; GeoCoordinates; ImageObject; ListItem; Offer; OpeningHoursSpecification; PostalAddress; Question; Service; ServiceChannel; UnitPriceSpecification; WebPage; WebSite; ['Organization', 'LocalBusiness', 'HomeAndConstructionBusiness']",10,2,101407,1531,
https://sk-rosa.ru/biozashchita-dolgoprudny,200,https://sk-rosa.ru/biozashchita-dolgoprudny,Огнебиозащита в Долгопрудном от 200 ₽/м² | ROSA,47,"Огнебиозащитная обработка в Долгопрудном: дерево, стропила, чердаки, металлоконструкции. От 200 ₽/м², смета, договор и акты.",124,Огнебиозащита конструкций в Долгопрудном,"index, follow, max-image-preview:large, max-snippet:-1, max-video-preview:-1","AdministrativeArea; Answer; BreadcrumbList; City; ContactPoint; FAQPage; GeoCoordinates; ImageObject; ListItem; Offer; OpeningHoursSpecification; PostalAddress; Question; Service; ServiceChannel; UnitPriceSpecification; WebPage; WebSite; ['Organization', 'LocalBusiness', 'HomeAndConstructionBusiness']",11,2,101780,1526,
https://sk-rosa.ru/biozashchita-shchelkovo,200,https://sk-rosa.ru/biozashchita-shchelkovo,Огнебиозащита в Щёлкове от 200 ₽/м² | ROSA,42,"Огнебиозащитная обработка в Щёлкове: дерево, стропила, чердаки, металлоконструкции. От 200 ₽/м², смета, договор и акты.",119,Огнебиозащита конструкций в Щёлкове,"index, follow, max-image-preview:large, max-snippet:-1, max-video-preview:-1","AdministrativeArea; Answer; BreadcrumbList; City; ContactPoint; FAQPage; GeoCoordinates; ImageObject; ListItem; Offer; OpeningHoursSpecification; PostalAddress; Question; Service; ServiceChannel; UnitPriceSpecification; WebPage; WebSite; ['Organization', 'LocalBusiness', 'HomeAndConstructionBusiness']",11,2,100605,1488,
https://sk-rosa.ru/biozashchita-pushkino,200,https://sk-rosa.ru/biozashchita-pushkino,Огнебиозащита в Пушкине от 200 ₽/м² | ROSA,42,"Огнебиозащитная обработка в Пушкине: дерево, стропила, чердаки, металлоконструкции. От 200 ₽/м², смета, договор и акты.",119,Огнебиозащита конструкций в Пушкине,"index, follow, max-image-preview:large, max-snippet:-1, max-video-preview:-1","AdministrativeArea; Answer; BreadcrumbList; City; ContactPoint; FAQPage; GeoCoordinates; ImageObject; ListItem; Offer; OpeningHoursSpecification; PostalAddress; Question; Service; ServiceChannel; UnitPriceSpecification; WebPage; WebSite; ['Organization', 'LocalBusiness', 'HomeAndConstructionBusiness']",11,2,100704,1508,
https://sk-rosa.ru/biozashchita-ramenskoe,200,https://sk-rosa.ru/biozashchita-ramenskoe,Огнебиозащита в Раменском от 200 ₽/м² | ROSA,44,"Огнебиозащитная обработка в Раменском: дерево, стропила, чердаки, металлоконструкции. От 200 ₽/м², смета, договор и акты.",121,Огнебиозащита конструкций в Раменском,"index, follow, max-image-preview:large, max-snippet:-1, max-video-preview:-1","AdministrativeArea; Answer; BreadcrumbList; City; ContactPoint; FAQPage; GeoCoordinates; ImageObject; ListItem; Offer; OpeningHoursSpecification; PostalAddress; Question; Service; ServiceChannel; UnitPriceSpecification; WebPage; WebSite; ['Organization', 'LocalBusiness', 'HomeAndConstructionBusiness']",10,2,101444,1510,
https://sk-rosa.ru/biozashchita-noginsk,200,https://sk-rosa.ru/biozashchita-noginsk,Огнебиозащита в Ногинске от 200 ₽/м² | ROSA,43,"Огнебиозащитная обработка в Ногинске: дерево, стропила, чердаки, металлоконструкции. От 200 ₽/м², смета, договор и акты.",120,Огнебиозащита конструкций в Ногинске,"index, follow, max-image-preview:large, max-snippet:-1, max-video-preview:-1","AdministrativeArea; Answer; BreadcrumbList; City; ContactPoint; FAQPage; GeoCoordinates; ImageObject; ListItem; Offer; OpeningHoursSpecification; PostalAddress; Question; Service; ServiceChannel; UnitPriceSpecification; WebPage; WebSite; ['Organization', 'LocalBusiness', 'HomeAndConstructionBusiness']",11,2,101308,1527,
https://sk-rosa.ru/biozashchita-istra,200,https://sk-rosa.ru/biozashchita-istra,Огнебиозащита в Истре от 200 ₽/м² | ROSA,40,"Огнебиозащитная обработка в Истре: дерево, стропила, чердаки, металлоконструкции. От 200 ₽/м², смета, договор и акты.",117,Огнебиозащита конструкций в Истре,"index, follow, max-image-preview:large, max-snippet:-1, max-video-preview:-1","AdministrativeArea; Answer; BreadcrumbList; City; ContactPoint; FAQPage; GeoCoordinates; ImageObject; ListItem; Offer; OpeningHoursSpecification; PostalAddress; Question; Service; ServiceChannel; UnitPriceSpecification; WebPage; WebSite; ['Organization', 'LocalBusiness', 'HomeAndConstructionBusiness']",10,2,100334,1489,
https://sk-rosa.ru/biozashchita-naro-fominsk,200,https://sk-rosa.ru/biozashchita-naro-fominsk,Огнебиозащита в Наро-Фоминске от 200 ₽/м² | ROSA,48,"Огнебиозащитная обработка в Наро-Фоминске: дерево, стропила, чердаки, металлоконструкции. От 200 ₽/м², смета, договор и акты.",125,Огнебиозащита конструкций в Наро-Фоминске,"index, follow, max-image-preview:large, max-snippet:-1, max-video-preview:-1","AdministrativeArea; Answer; BreadcrumbList; City; ContactPoint; FAQPage; GeoCoordinates; ImageObject; ListItem; Offer; OpeningHoursSpecification; PostalAddress; Question; Service; ServiceChannel; UnitPriceSpecification; WebPage; WebSite; ['Organization', 'LocalBusiness', 'HomeAndConstructionBusiness']",9,2,101251,1480,
https://sk-rosa.ru/biozashchita-aprelevka,200,https://sk-rosa.ru/biozashchita-aprelevka,Огнебиозащита в Апрелевке от 200 ₽/м² | ROSA,44,"Огнебиозащитная обработка в Апрелевке: дерево, стропила, чердаки, металлоконструкции. От 200 ₽/м², смета, договор и акты.",121,Огнебиозащита конструкций в Апрелевке,"index, follow, max-image-preview:large, max-snippet:-1, max-video-preview:-1","AdministrativeArea; Answer; BreadcrumbList; City; ContactPoint; FAQPage; GeoCoordinates; ImageObject; ListItem; Offer; OpeningHoursSpecification; PostalAddress; Question; Service; ServiceChannel; UnitPriceSpecification; WebPage; WebSite; ['Organization', 'LocalBusiness', 'HomeAndConstructionBusiness']",8,2,100817,1467,
https://sk-rosa.ru/biozashchita-bronnitsy,200,https://sk-rosa.ru/biozashchita-bronnitsy,Огнебиозащита в Бронницах от 200 ₽/м² | ROSA,44,"Огнебиозащитная обработка в Бронницах: дерево, стропила, чердаки, металлоконструкции. От 200 ₽/м², смета, договор и акты.",121,Огнебиозащита конструкций в Бронницах,"index, follow, max-image-preview:large, max-snippet:-1, max-video-preview:-1","AdministrativeArea; Answer; BreadcrumbList; City; ContactPoint; FAQPage; GeoCoordinates; ImageObject; ListItem; Offer; OpeningHoursSpecification; PostalAddress; Question; Service; ServiceChannel; UnitPriceSpecification; WebPage; WebSite; ['Organization', 'LocalBusiness', 'HomeAndConstructionBusiness']",10,2,101096,1503,
https://sk-rosa.ru/biozashchita-volokolamsk,200,https://sk-rosa.ru/biozashchita-volokolamsk,Огнебиозащита в Волоколамске от 200 ₽/м² | ROSA,47,"Огнебиозащитная обработка в Волоколамске: дерево, стропила, чердаки, металлоконструкции. От 200 ₽/м², смета, договор и акты.",124,Огнебиозащита конструкций в Волоколамске,"index, follow, max-image-preview:large, max-snippet:-1, max-video-preview:-1","AdministrativeArea; Answer; BreadcrumbList; City; ContactPoint; FAQPage; GeoCoordinates; ImageObject; ListItem; Offer; OpeningHoursSpecification; PostalAddress; Question; Service; ServiceChannel; UnitPriceSpecification; WebPage; WebSite; ['Organization', 'LocalBusiness', 'HomeAndConstructionBusiness']",7,2,100521,1457,
https://sk-rosa.ru/biozashchita-voskresensk,200,https://sk-rosa.ru/biozashchita-voskresensk,Огнебиозащита в Воскресенске от 200 ₽/м² | ROSA,47,"Огнебиозащитная обработка в Воскресенске: дерево, стропила, чердаки, металлоконструкции. От 200 ₽/м², смета, договор и акты.",124,Огнебиозащита конструкций в Воскресенске,"index, follow, max-image-preview:large, max-snippet:-1, max-video-preview:-1","AdministrativeArea; Answer; BreadcrumbList; City; ContactPoint; FAQPage; GeoCoordinates; ImageObject; ListItem; Offer; OpeningHoursSpecification; PostalAddress; Question; Service; ServiceChannel; UnitPriceSpecification; WebPage; WebSite; ['Organization', 'LocalBusiness', 'HomeAndConstructionBusiness']",9,2,101024,1461,
https://sk-rosa.ru/biozashchita-golitsyino,200,https://sk-rosa.ru/biozashchita-golitsyino,Огнебиозащита в Голицыно от 200 ₽/м² | ROSA,43,"Огнебиозащитная обработка в Голицыно: дерево, стропила, чердаки, металлоконструкции. От 200 ₽/м², смета, договор и акты.",120,Огнебиозащита конструкций в Голицыно,"index, follow, max-image-preview:large, max-snippet:-1, max-video-preview:-1","AdministrativeArea; Answer; BreadcrumbList; City; ContactPoint; FAQPage; GeoCoordinates; ImageObject; ListItem; Offer; OpeningHoursSpecification; PostalAddress; Question; Service; ServiceChannel; UnitPriceSpecification; WebPage; WebSite; ['Organization', 'LocalBusiness', 'HomeAndConstructionBusiness']",10,2,100062,1438,
https://sk-rosa.ru/biozashchita-dmitrov,200,https://sk-rosa.ru/biozashchita-dmitrov,Огнебиозащита в Дмитрове от 200 ₽/м² | ROSA,43,"Огнебиозащитная обработка в Дмитрове: дерево, стропила, чердаки, металлоконструкции. От 200 ₽/м², смета, договор и акты.",120,Огнебиозащита конструкций в Дмитрове,"index, follow, max-image-preview:large, max-snippet:-1, max-video-preview:-1","AdministrativeArea; Answer; BreadcrumbList; City; ContactPoint; FAQPage; GeoCoordinates; ImageObject; ListItem; Offer; OpeningHoursSpecification; PostalAddress; Question; Service; ServiceChannel; UnitPriceSpecification; WebPage; WebSite; ['Organization', 'LocalBusiness', 'HomeAndConstructionBusiness']",9,2,100465,1482,
https://sk-rosa.ru/biozashchita-egorievsk,200,https://sk-rosa.ru/biozashchita-egorievsk,Огнебиозащита в Егорьевске от 200 ₽/м² | ROSA,45,"Огнебиозащитная обработка в Егорьевске: дерево, стропила, чердаки, металлоконструкции. От 200 ₽/м², смета, договор и акты.",122,Огнебиозащита конструкций в Егорьевске,"index, follow, max-image-preview:large, max-snippet:-1, max-video-preview:-1","AdministrativeArea; Answer; BreadcrumbList; City; ContactPoint; FAQPage; GeoCoordinates; ImageObject; ListItem; Offer; OpeningHoursSpecification; PostalAddress; Question; Service; ServiceChannel; UnitPriceSpecification; WebPage; WebSite; ['Organization', 'LocalBusiness', 'HomeAndConstructionBusiness']",9,2,100925,1479,
https://sk-rosa.ru/biozashchita-zheleznodorozhny,200,https://sk-rosa.ru/biozashchita-zheleznodorozhny,Огнебиозащита в Железнодорожном от 200 ₽/м² | ROSA,50,"Огнебиозащитная обработка в Железнодорожном: дерево, стропила, чердаки, металлоконструкции. От 200 ₽/м², смета, договор и акты.",127,Огнебиозащита конструкций в Железнодорожном,"index, follow, max-image-preview:large, max-snippet:-1, max-video-preview:-1","AdministrativeArea; Answer; BreadcrumbList; City; ContactPoint; FAQPage; GeoCoordinates; ImageObject; ListItem; Offer; OpeningHoursSpecification; PostalAddress; Question; Service; ServiceChannel; UnitPriceSpecification; WebPage; WebSite; ['Organization', 'LocalBusiness', 'HomeAndConstructionBusiness']",7,2,101093,1446,
https://sk-rosa.ru/biozashchita-zhukovsky,200,https://sk-rosa.ru/biozashchita-zhukovsky,Огнебиозащита в Жуковском от 200 ₽/м² | ROSA,44,"Огнебиозащитная обработка в Жуковском: дерево, стропила, чердаки, металлоконструкции. От 200 ₽/м², смета, договор и акты.",121,Огнебиозащита конструкций в Жуковском,"index, follow, max-image-preview:large, max-snippet:-1, max-video-preview:-1","AdministrativeArea; Answer; BreadcrumbList; City; ContactPoint; FAQPage; GeoCoordinates; ImageObject; ListItem; Offer; OpeningHoursSpecification; PostalAddress; Question; Service; ServiceChannel; UnitPriceSpecification; WebPage; WebSite; ['Organization', 'LocalBusiness', 'HomeAndConstructionBusiness']",9,2,101430,1520,
https://sk-rosa.ru/biozashchita-zaraysk,200,https://sk-rosa.ru/biozashchita-zaraysk,Огнебиозащита в Зарайске от 200 ₽/м² | ROSA,43,"Огнебиозащитная обработка в Зарайске: дерево, стропила, чердаки, металлоконструкции. От 200 ₽/м², смета, договор и акты.",120,Огнебиозащита конструкций в Зарайске,"index, follow, max-image-preview:large, max-snippet:-1, max-video-preview:-1","AdministrativeArea; Answer; BreadcrumbList; City; ContactPoint; FAQPage; GeoCoordinates; ImageObject; ListItem; Offer; OpeningHoursSpecification; PostalAddress; Question; Service; ServiceChannel; UnitPriceSpecification; WebPage; WebSite; ['Organization', 'LocalBusiness', 'HomeAndConstructionBusiness']",9,2,100156,1455,
https://sk-rosa.ru/biozashchita-zvenigorod,200,https://sk-rosa.ru/biozashchita-zvenigorod,Огнебиозащита в Звенигороде от 200 ₽/м² | ROSA,46,"Огнебиозащитная обработка в Звенигороде: дерево, стропила, чердаки, металлоконструкции. От 200 ₽/м², смета, договор и акты.",123,Огнебиозащита конструкций в Звенигороде,"index, follow, max-image-preview:large, max-snippet:-1, max-video-preview:-1","AdministrativeArea; Answer; BreadcrumbList; City; ContactPoint; FAQPage; GeoCoordinates; ImageObject; ListItem; Offer; OpeningHoursSpecification; PostalAddress; Question; Service; ServiceChannel; UnitPriceSpecification; WebPage; WebSite; ['Organization', 'LocalBusiness', 'HomeAndConstructionBusiness']",10,2,100937,1478,
https://sk-rosa.ru/biozashchita-ivanteevka,200,https://sk-rosa.ru/biozashchita-ivanteevka,Огнебиозащита в Ивантеевке от 200 ₽/м² | ROSA,45,"Огнебиозащитная обработка в Ивантеевке: дерево, стропила, чердаки, металлоконструкции. От 200 ₽/м², смета, договор и акты.",122,Огнебиозащита конструкций в Ивантеевке,"index, follow, max-image-preview:large, max-snippet:-1, max-video-preview:-1","AdministrativeArea; Answer; BreadcrumbList; City; ContactPoint; FAQPage; GeoCoordinates; ImageObject; ListItem; Offer; OpeningHoursSpecification; PostalAddress; Question; Service; ServiceChannel; UnitPriceSpecification; WebPage; WebSite; ['Organization', 'LocalBusiness', 'HomeAndConstructionBusiness']",9,2,100540,1468,
https://sk-rosa.ru/biozashchita-kashira,200,https://sk-rosa.ru/biozashchita-kashira,Огнебиозащита в Кашире от 200 ₽/м² | ROSA,41,"Огнебиозащитная обработка в Кашире: дерево, стропила, чердаки, металлоконструкции. От 200 ₽/м², смета, договор и акты.",118,Огнебиозащита конструкций в Кашире,"index, follow, max-image-preview:large, max-snippet:-1, max-video-preview:-1","AdministrativeArea; Answer; BreadcrumbList; City; ContactPoint; FAQPage; GeoCoordinates; ImageObject; ListItem; Offer; OpeningHoursSpecification; PostalAddress; Question; Service; ServiceChannel; UnitPriceSpecification; WebPage; WebSite; ['Organization', 'LocalBusiness', 'HomeAndConstructionBusiness']",8,2,100575,1486,
https://sk-rosa.ru/biozashchita-kolomna,200,https://sk-rosa.ru/biozashchita-kolomna,Огнебиозащита в Коломне от 200 ₽/м² | ROSA,42,"Огнебиозащитная обработка в Коломне: дерево, стропила, чердаки, металлоконструкции. От 200 ₽/м², смета, договор и акты.",119,Огнебиозащита конструкций в Коломне,"index, follow, max-image-preview:large, max-snippet:-1, max-video-preview:-1","AdministrativeArea; Answer; BreadcrumbList; City; ContactPoint; FAQPage; GeoCoordinates; ImageObject; ListItem; Offer; OpeningHoursSpecification; PostalAddress; Question; Service; ServiceChannel; UnitPriceSpecification; WebPage; WebSite; ['Organization', 'LocalBusiness', 'HomeAndConstructionBusiness']",12,2,101084,1512,
https://sk-rosa.ru/biozashchita-losino-petrovsky,200,https://sk-rosa.ru/biozashchita-losino-petrovsky,Огнебиозащита в Лосино-Петровском от 200 ₽/м² | ROSA,52,"Огнебиозащитная обработка в Лосино-Петровском: дерево, стропила, чердаки, металлоконструкции. От 200 ₽/м², смета, договор и акты.",129,Огнебиозащита конструкций в Лосино-Петровском,"index, follow, max-image-preview:large, max-snippet:-1, max-video-preview:-1","AdministrativeArea; Answer; BreadcrumbList; City; ContactPoint; FAQPage; GeoCoordinates; ImageObject; ListItem; Offer; OpeningHoursSpecification; PostalAddress; Question; Service; ServiceChannel; UnitPriceSpecification; WebPage; WebSite; ['Organization', 'LocalBusiness', 'HomeAndConstructionBusiness']",7,2,101380,1449,
https://sk-rosa.ru/biozashchita-lukhovitsy,200,https://sk-rosa.ru/biozashchita-lukhovitsy,Огнебиозащита в Луховицах от 200 ₽/м² | ROSA,44,"Огнебиозащитная обработка в Луховицах: дерево, стропила, чердаки, металлоконструкции. От 200 ₽/м², смета, договор и акты.",121,Огнебиозащита конструкций в Луховицах,"index, follow, max-image-preview:large, max-snippet:-1, max-video-preview:-1","AdministrativeArea; Answer; BreadcrumbList; City; ContactPoint; FAQPage; GeoCoordinates; ImageObject; ListItem; Offer; OpeningHoursSpecification; PostalAddress; Question; Service; ServiceChannel; UnitPriceSpecification; WebPage; WebSite; ['Organization', 'LocalBusiness', 'HomeAndConstructionBusiness']",8,2,100087,1450,
https://sk-rosa.ru/biozashchita-malakhovka,200,https://sk-rosa.ru/biozashchita-malakhovka,Огнебиозащита в Малаховке от 200 ₽/м² | ROSA,44,"Огнебиозащитная обработка в Малаховке: дерево, стропила, чердаки, металлоконструкции. От 200 ₽/м², смета, договор и акты.",121,Огнебиозащита конструкций в Малаховке,"index, follow, max-image-preview:large, max-snippet:-1, max-video-preview:-1","AdministrativeArea; Answer; BreadcrumbList; City; ContactPoint; FAQPage; GeoCoordinates; ImageObject; ListItem; Offer; OpeningHoursSpecification; PostalAddress; Question; Service; ServiceChannel; UnitPriceSpecification; WebPage; WebSite; ['Organization', 'LocalBusiness', 'HomeAndConstructionBusiness']",6,2,100269,1453,
https://sk-rosa.ru/biozashchita-monino,200,https://sk-rosa.ru/biozashchita-monino,Огнебиозащита в Монино от 200 ₽/м² | ROSA,41,"Огнебиозащитная обработка в Монино: дерево, стропила, чердаки, металлоконструкции. От 200 ₽/м², смета, договор и акты.",118,Огнебиозащита конструкций в Монино,"index, follow, max-image-preview:large, max-snippet:-1, max-video-preview:-1","AdministrativeArea; Answer; BreadcrumbList; City; ContactPoint; FAQPage; GeoCoordinates; ImageObject; ListItem; Offer; OpeningHoursSpecification; PostalAddress; Question; Service; ServiceChannel; UnitPriceSpecification; WebPage; WebSite; ['Organization', 'LocalBusiness', 'HomeAndConstructionBusiness']",11,2,99569,1433,
https://sk-rosa.ru/biozashchita-orekhovo-zuevo,200,https://sk-rosa.ru/biozashchita-orekhovo-zuevo,Огнебиозащита в Орехово-Зуево от 200 ₽/м² | ROSA,48,"Огнебиозащитная обработка в Орехово-Зуево: дерево, стропила, чердаки, металлоконструкции. От 200 ₽/м², смета, договор и акты.",125,Огнебиозащита конструкций в Орехово-Зуево,"index, follow, max-image-preview:large, max-snippet:-1, max-video-preview:-1","AdministrativeArea; Answer; BreadcrumbList; City; ContactPoint; FAQPage; GeoCoordinates; ImageObject; ListItem; Offer; OpeningHoursSpecification; PostalAddress; Question; Service; ServiceChannel; UnitPriceSpecification; WebPage; WebSite; ['Organization', 'LocalBusiness', 'HomeAndConstructionBusiness']",8,2,100454,1447,
https://sk-rosa.ru/biozashchita-serpukhov,200,https://sk-rosa.ru/biozashchita-serpukhov,Огнебиозащита в Серпухове от 200 ₽/м² | ROSA,44,"Огнебиозащитная обработка в Серпухове: дерево, стропила, чердаки, металлоконструкции. От 200 ₽/м², смета, договор и акты.",121,Огнебиозащита конструкций в Серпухове,"index, follow, max-image-preview:large, max-snippet:-1, max-video-preview:-1","AdministrativeArea; Answer; BreadcrumbList; City; ContactPoint; FAQPage; GeoCoordinates; ImageObject; ListItem; Offer; OpeningHoursSpecification; PostalAddress; Question; Service; ServiceChannel; UnitPriceSpecification; WebPage; WebSite; ['Organization', 'LocalBusiness', 'HomeAndConstructionBusiness']",8,2,100615,1467,
https://sk-rosa.ru/biozashchita-solnechnogorsk,200,https://sk-rosa.ru/biozashchita-solnechnogorsk,Огнебиозащита в Солнечногорске от 200 ₽/м² | ROSA,49,"Огнебиозащитная обработка в Солнечногорске: дерево, стропила, чердаки, металлоконструкции. От 200 ₽/м², смета, договор и акты.",126,Огнебиозащита конструкций в Солнечногорске,"index, follow, max-image-preview:large, max-snippet:-1, max-video-preview:-1","AdministrativeArea; Answer; BreadcrumbList; City; ContactPoint; FAQPage; GeoCoordinates; ImageObject; ListItem; Offer; OpeningHoursSpecification; PostalAddress; Question; Service; ServiceChannel; UnitPriceSpecification; WebPage; WebSite; ['Organization', 'LocalBusiness', 'HomeAndConstructionBusiness']",8,2,100739,1467,
https://sk-rosa.ru/biozashchita-staraya-kupavna,200,https://sk-rosa.ru/biozashchita-staraya-kupavna,Огнебиозащита в Старой Купавне от 200 ₽/м² | ROSA,49,"Огнебиозащитная обработка в Старой Купавне: дерево, стропила, чердаки, металлоконструкции. От 200 ₽/м², смета, договор и акты.",126,Огнебиозащита конструкций в Старой Купавне,"index, follow, max-image-preview:large, max-snippet:-1, max-video-preview:-1","AdministrativeArea; Answer; BreadcrumbList; City; ContactPoint; FAQPage; GeoCoordinates; ImageObject; ListItem; Offer; OpeningHoursSpecification; PostalAddress; Question; Service; ServiceChannel; UnitPriceSpecification; WebPage; WebSite; ['Organization', 'LocalBusiness', 'HomeAndConstructionBusiness']",8,2,101261,1479,
https://sk-rosa.ru/biozashchita-stupino,200,https://sk-rosa.ru/biozashchita-stupino,Огнебиозащита в Ступино от 200 ₽/м² | ROSA,42,"Огнебиозащитная обработка в Ступино: дерево, стропила, чердаки, металлоконструкции. От 200 ₽/м², смета, договор и акты.",119,Огнебиозащита конструкций в Ступино,"index, follow, max-image-preview:large, max-snippet:-1, max-video-preview:-1","AdministrativeArea; Answer; BreadcrumbList; City; ContactPoint; FAQPage; GeoCoordinates; ImageObject; ListItem; Offer; OpeningHoursSpecification; PostalAddress; Question; Service; ServiceChannel; UnitPriceSpecification; WebPage; WebSite; ['Organization', 'LocalBusiness', 'HomeAndConstructionBusiness']",9,2,100132,1450,
https://sk-rosa.ru/biozashchita-troitsk,200,https://sk-rosa.ru/biozashchita-troitsk,Огнебиозащита в Троицке от 200 ₽/м² | ROSA,42,"Огнебиозащитная обработка в Троицке: дерево, стропила, чердаки, металлоконструкции. От 200 ₽/м², смета, договор и акты.",119,Огнебиозащита конструкций в Троицке,"index, follow, max-image-preview:large, max-snippet:-1, max-video-preview:-1","AdministrativeArea; Answer; BreadcrumbList; City; ContactPoint; FAQPage; GeoCoordinates; ImageObject; ListItem; Offer; OpeningHoursSpecification; PostalAddress; Question; Service; ServiceChannel; UnitPriceSpecification; WebPage; WebSite; ['Organization', 'LocalBusiness', 'HomeAndConstructionBusiness']",7,2,99793,1452,
https://sk-rosa.ru/biozashchita-fryazino,200,https://sk-rosa.ru/biozashchita-fryazino,Огнебиозащита в Фрязино от 200 ₽/м² | ROSA,42,"Огнебиозащитная обработка в Фрязино: дерево, стропила, чердаки, металлоконструкции. От 200 ₽/м², смета, договор и акты.",119,Огнебиозащита конструкций в Фрязино,"index, follow, max-image-preview:large, max-snippet:-1, max-video-preview:-1","AdministrativeArea; Answer; BreadcrumbList; City; ContactPoint; FAQPage; GeoCoordinates; ImageObject; ListItem; Offer; OpeningHoursSpecification; PostalAddress; Question; Service; ServiceChannel; UnitPriceSpecification; WebPage; WebSite; ['Organization', 'LocalBusiness', 'HomeAndConstructionBusiness']",7,2,99769,1435,
https://sk-rosa.ru/biozashchita-chekhov,200,https://sk-rosa.ru/biozashchita-chekhov,Огнебиозащита в Чехове от 200 ₽/м² | ROSA,41,"Огнебиозащитная обработка в Чехове: дерево, стропила, чердаки, металлоконструкции. От 200 ₽/м², смета, договор и акты.",118,Огнебиозащита конструкций в Чехове,"index, follow, max-image-preview:large, max-snippet:-1, max-video-preview:-1","AdministrativeArea; Answer; BreadcrumbList; City; ContactPoint; FAQPage; GeoCoordinates; ImageObject; ListItem; Offer; OpeningHoursSpecification; PostalAddress; Question; Service; ServiceChannel; UnitPriceSpecification; WebPage; WebSite; ['Organization', 'LocalBusiness', 'HomeAndConstructionBusiness']",8,2,99461,1420,
https://sk-rosa.ru/biozashchita-korolev,200,https://sk-rosa.ru/biozashchita-korolev,Огнебиозащита в Королёве от 200 ₽/м² | ROSA,43,"Огнебиозащитная обработка в Королёве: дерево, стропила, чердаки, металлоконструкции. От 200 ₽/м², смета, договор и акты.",120,Огнебиозащита конструкций в Королёве,"index, follow, max-image-preview:large, max-snippet:-1, max-video-preview:-1","AdministrativeArea; Answer; BreadcrumbList; City; ContactPoint; FAQPage; GeoCoordinates; ImageObject; ListItem; Offer; OpeningHoursSpecification; PostalAddress; Question; Service; ServiceChannel; UnitPriceSpecification; WebPage; WebSite; ['Organization', 'LocalBusiness', 'HomeAndConstructionBusiness']",11,2,100911,1528,
https://sk-rosa.ru/biozashchita-sergiev-posad,200,https://sk-rosa.ru/biozashchita-sergiev-posad,Огнебиозащита в Сергиевом Посаде от 200 ₽/м² | ROSA,51,"Огнебиозащитная обработка в Сергиевом Посаде: дерево, стропила, чердаки, металлоконструкции. От 200 ₽/м², смета, договор и акты.",128,Огнебиозащита конструкций в Сергиевом Посаде,"index, follow, max-image-preview:large, max-snippet:-1, max-video-preview:-1","AdministrativeArea; Answer; BreadcrumbList; City; ContactPoint; FAQPage; GeoCoordinates; ImageObject; ListItem; Offer; OpeningHoursSpecification; PostalAddress; Question; Service; ServiceChannel; UnitPriceSpecification; WebPage; WebSite; ['Organization', 'LocalBusiness', 'HomeAndConstructionBusiness']",6,2,102563,1564,
https://sk-rosa.ru/biozashchita-odintsovo,200,https://sk-rosa.ru/biozashchita-odintsovo,Огнебиозащита в Одинцово от 200 ₽/м² | ROSA,43,"Огнебиозащитная обработка в Одинцово: дерево, стропила, чердаки, металлоконструкции. От 200 ₽/м², смета, договор и акты.",120,Огнебиозащита конструкций в Одинцово,"index, follow, max-image-preview:large, max-snippet:-1, max-video-preview:-1","AdministrativeArea; Answer; BreadcrumbList; City; ContactPoint; FAQPage; GeoCoordinates; ImageObject; ListItem; Offer; OpeningHoursSpecification; PostalAddress; Question; Service; ServiceChannel; UnitPriceSpecification; WebPage; WebSite; ['Organization', 'LocalBusiness', 'HomeAndConstructionBusiness']",12,2,100692,1508,
https://sk-rosa.ru/biozashchita-reutov,200,https://sk-rosa.ru/biozashchita-reutov,Огнебиозащита в Реутове от 200 ₽/м² | ROSA,42,"Огнебиозащитная обработка в Реутове: дерево, стропила, чердаки, металлоконструкции. От 200 ₽/м², смета, договор и акты.",119,Огнебиозащита конструкций в Реутове,"index, follow, max-image-preview:large, max-snippet:-1, max-video-preview:-1","AdministrativeArea; Answer; BreadcrumbList; City; ContactPoint; FAQPage; GeoCoordinates; ImageObject; ListItem; Offer; OpeningHoursSpecification; PostalAddress; Question; Service; ServiceChannel; UnitPriceSpecification; WebPage; WebSite; ['Organization', 'LocalBusiness', 'HomeAndConstructionBusiness']",9,2,101553,1531,
https://sk-rosa.ru/biozashchita-lobnya,200,https://sk-rosa.ru/biozashchita-lobnya,Огнебиозащита в Лобне от 200 ₽/м² | ROSA,40,"Огнебиозащитная обработка в Лобне: дерево, стропила, чердаки, металлоконструкции. От 200 ₽/м², смета, договор и акты.",117,Огнебиозащита конструкций в Лобне,"index, follow, max-image-preview:large, max-snippet:-1, max-video-preview:-1","AdministrativeArea; Answer; BreadcrumbList; City; ContactPoint; FAQPage; GeoCoordinates; ImageObject; ListItem; Offer; OpeningHoursSpecification; PostalAddress; Question; Service; ServiceChannel; UnitPriceSpecification; WebPage; WebSite; ['Organization', 'LocalBusiness', 'HomeAndConstructionBusiness']",10,2,100051,1449,
https://sk-rosa.ru/turnkey-repair-balashikha,200,https://sk-rosa.ru/turnkey-repair-balashikha,Ремонт под ключ в Балашихе от 10 000 ₽/м² | ROSA,48,"Семейный ремонт квартиры в Балашихе от 10 000 ₽/м². Сценарии хранения, износостойкая отделка, безопасные проходы и фиксация решений до работ.",141,"Ремонт квартир, домов и коммерческих помещений под ключ в Балашихе","index, follow, max-image-preview:large, max-snippet:-1, max-video-preview:-1","AdministrativeArea; Answer; BreadcrumbList; City; ContactPoint; FAQPage; GeoCoordinates; ImageObject; ListItem; Offer; OpeningHoursSpecification; PostalAddress; Question; Service; ServiceChannel; UnitPriceSpecification; WebPage; WebSite; ['Organization', 'LocalBusiness', 'HomeAndConstructionBusiness']",11,2,102164,1305,
https://sk-rosa.ru/turnkey-repair-khimki,200,https://sk-rosa.ru/turnkey-repair-khimki,Ремонт под ключ в Химках от 10 000 ₽/м² | ROSA,46,"Ремонт под ключ в Химках от 10 000 ₽/м². Аудит новостройки, поэтапная смета, инженерные решения, график ЖК и контроль скрытых работ.",132,"Ремонт квартир, домов и коммерческих помещений под ключ в Химках","index, follow, max-image-preview:large, max-snippet:-1, max-video-preview:-1","AdministrativeArea; Answer; BreadcrumbList; City; ContactPoint; FAQPage; GeoCoordinates; ImageObject; ListItem; Offer; OpeningHoursSpecification; PostalAddress; Question; Service; ServiceChannel; UnitPriceSpecification; WebPage; WebSite; ['Organization', 'LocalBusiness', 'HomeAndConstructionBusiness']",10,2,103091,1400,
https://sk-rosa.ru/turnkey-repair-podolsk,200,https://sk-rosa.ru/turnkey-repair-podolsk,Ремонт под ключ в Подольске от 10 000 ₽/м² | ROSA,49,"Ремонт квартир, домов и коммерческих помещений в Подольске. От 10 000 ₽/м², смета, договор, поэтапные акты и гарантия.",118,"Ремонт квартир, домов и коммерческих помещений под ключ в Подольске","index, follow, max-image-preview:large, max-snippet:-1, max-video-preview:-1","AdministrativeArea; Answer; BreadcrumbList; City; ContactPoint; FAQPage; GeoCoordinates; ImageObject; ListItem; Offer; OpeningHoursSpecification; PostalAddress; Question; Service; ServiceChannel; UnitPriceSpecification; WebPage; WebSite; ['Organization', 'LocalBusiness', 'HomeAndConstructionBusiness']",11,2,109312,1751,
https://sk-rosa.ru/turnkey-repair-lyubertsy,200,https://sk-rosa.ru/turnkey-repair-lyubertsy,Ремонт под ключ в Люберцах от 10 000 ₽/м² | ROSA,48,"Ремонт квартир, домов и коммерческих помещений в Люберцах. От 10 000 ₽/м², смета, договор, поэтапные акты и гарантия.",117,"Ремонт квартир, домов и коммерческих помещений под ключ в Люберцах","index, follow, max-image-preview:large, max-snippet:-1, max-video-preview:-1","AdministrativeArea; Answer; BreadcrumbList; City; ContactPoint; FAQPage; GeoCoordinates; ImageObject; ListItem; Offer; OpeningHoursSpecification; PostalAddress; Question; Service; ServiceChannel; UnitPriceSpecification; WebPage; WebSite; ['Organization', 'LocalBusiness', 'HomeAndConstructionBusiness']",14,2,109068,1757,
https://sk-rosa.ru/turnkey-repair-mytishchi,200,https://sk-rosa.ru/turnkey-repair-mytishchi,Ремонт под ключ в Мытищах от 10 000 ₽/м² | ROSA,47,"Ремонт квартиры в Мытищах от 10 000 ₽/м² без полного переезда. Зонирование работ, временные коммуникации, защита вещей и поэтапная сдача комнат.",144,"Ремонт квартир, домов и коммерческих помещений под ключ в Мытищах","index, follow, max-image-preview:large, max-snippet:-1, max-video-preview:-1","AdministrativeArea; Answer; BreadcrumbList; City; ContactPoint; FAQPage; GeoCoordinates; ImageObject; ListItem; Offer; OpeningHoursSpecification; PostalAddress; Question; Service; ServiceChannel; UnitPriceSpecification; WebPage; WebSite; ['Organization', 'LocalBusiness', 'HomeAndConstructionBusiness']",10,2,102266,1329,
https://sk-rosa.ru/turnkey-repair-krasnogorsk,200,https://sk-rosa.ru/turnkey-repair-krasnogorsk,Ремонт под ключ в Красногорске от 10 000 ₽/м² | ROSA,52,"Ремонт квартиры по дизайн-проекту в Красногорске от 10 000 ₽/м². Проверка узлов, длинных поставок, рабочей документации и образцов отделки.",139,"Ремонт квартир, домов и коммерческих помещений под ключ в Красногорске","index, follow, max-image-preview:large, max-snippet:-1, max-video-preview:-1","AdministrativeArea; Answer; BreadcrumbList; City; ContactPoint; FAQPage; GeoCoordinates; ImageObject; ListItem; Offer; OpeningHoursSpecification; PostalAddress; Question; Service; ServiceChannel; UnitPriceSpecification; WebPage; WebSite; ['Organization', 'LocalBusiness', 'HomeAndConstructionBusiness']",10,2,102024,1300,
https://sk-rosa.ru/turnkey-repair-elektrostal,200,https://sk-rosa.ru/turnkey-repair-elektrostal,Ремонт под ключ в Электростали от 10 000 ₽/м² | ROSA,52,"Ремонт мастерской или коммерческого помещения в Электростали от 10 000 ₽/м². Нагрузки, инженерная мощность, пылезащита и запуск оборудования.",141,"Ремонт квартир, домов и коммерческих помещений под ключ в Электростали","index, follow, max-image-preview:large, max-snippet:-1, max-video-preview:-1","AdministrativeArea; Answer; BreadcrumbList; City; ContactPoint; FAQPage; GeoCoordinates; ImageObject; ListItem; Offer; OpeningHoursSpecification; PostalAddress; Question; Service; ServiceChannel; UnitPriceSpecification; WebPage; WebSite; ['Organization', 'LocalBusiness', 'HomeAndConstructionBusiness']",9,2,102221,1313,
https://sk-rosa.ru/turnkey-repair-vidnoe,200,https://sk-rosa.ru/turnkey-repair-vidnoe,Ремонт под ключ в Видном от 10 000 ₽/м² | ROSA,46,"Ремонт квартир, домов и коммерческих помещений в Видном. От 10 000 ₽/м², смета, договор, поэтапные акты и гарантия.",115,"Ремонт квартир, домов и коммерческих помещений под ключ в Видном","index, follow, max-image-preview:large, max-snippet:-1, max-video-preview:-1","AdministrativeArea; Answer; BreadcrumbList; City; ContactPoint; FAQPage; GeoCoordinates; ImageObject; ListItem; Offer; OpeningHoursSpecification; PostalAddress; Question; Service; ServiceChannel; UnitPriceSpecification; WebPage; WebSite; ['Organization', 'LocalBusiness', 'HomeAndConstructionBusiness']",8,2,108779,1750,
https://sk-rosa.ru/turnkey-repair-domodedovo,200,https://sk-rosa.ru/turnkey-repair-domodedovo,Ремонт под ключ в Домодедове от 10 000 ₽/м² | ROSA,50,"Ремонт квартир, домов и коммерческих помещений в Домодедове. От 10 000 ₽/м², смета, договор, поэтапные акты и гарантия.",119,"Ремонт квартир, домов и коммерческих помещений под ключ в Домодедове","index, follow, max-image-preview:large, max-snippet:-1, max-video-preview:-1","AdministrativeArea; Answer; BreadcrumbList; City; ContactPoint; FAQPage; GeoCoordinates; ImageObject; ListItem; Offer; OpeningHoursSpecification; PostalAddress; Question; Service; ServiceChannel; UnitPriceSpecification; WebPage; WebSite; ['Organization', 'LocalBusiness', 'HomeAndConstructionBusiness']",10,2,109710,1755,
https://sk-rosa.ru/turnkey-repair-dolgoprudny,200,https://sk-rosa.ru/turnkey-repair-dolgoprudny,Ремонт под ключ в Долгопрудном от 10 000 ₽/м² | ROSA,52,"Ремонт квартиры white box в Долгопрудном от 10 000 ₽/м². Приёмка подготовки застройщика, границы ответственности и смета до чистовой отделки.",141,"Ремонт квартир, домов и коммерческих помещений под ключ в Долгопрудном","index, follow, max-image-preview:large, max-snippet:-1, max-video-preview:-1","AdministrativeArea; Answer; BreadcrumbList; City; ContactPoint; FAQPage; GeoCoordinates; ImageObject; ListItem; Offer; OpeningHoursSpecification; PostalAddress; Question; Service; ServiceChannel; UnitPriceSpecification; WebPage; WebSite; ['Organization', 'LocalBusiness', 'HomeAndConstructionBusiness']",11,2,102516,1336,
https://sk-rosa.ru/turnkey-repair-shchelkovo,200,https://sk-rosa.ru/turnkey-repair-shchelkovo,Ремонт под ключ в Щёлкове от 10 000 ₽/м² | ROSA,47,"Ремонт под ключ в Щёлкове от 10 000 ₽/м². Базовая смета, таблица изменений, согласование аналогов и контроль бюджета по завершённым этапам.",139,"Ремонт квартир, домов и коммерческих помещений под ключ в Щёлкове","index, follow, max-image-preview:large, max-snippet:-1, max-video-preview:-1","AdministrativeArea; Answer; BreadcrumbList; City; ContactPoint; FAQPage; GeoCoordinates; ImageObject; ListItem; Offer; OpeningHoursSpecification; PostalAddress; Question; Service; ServiceChannel; UnitPriceSpecification; WebPage; WebSite; ['Organization', 'LocalBusiness', 'HomeAndConstructionBusiness']",11,2,101618,1299,
https://sk-rosa.ru/turnkey-repair-pushkino,200,https://sk-rosa.ru/turnkey-repair-pushkino,Ремонт под ключ в Пушкине от 10 000 ₽/м² | ROSA,47,"Ремонт квартиры в Пушкине от 10 000 ₽/м². План электрики до штукатурки, сценарии освещения, привязка мебели и фото скрытых трасс.",129,"Ремонт квартир, домов и коммерческих помещений под ключ в Пушкине","index, follow, max-image-preview:large, max-snippet:-1, max-video-preview:-1","AdministrativeArea; Answer; BreadcrumbList; City; ContactPoint; FAQPage; GeoCoordinates; ImageObject; ListItem; Offer; OpeningHoursSpecification; PostalAddress; Question; Service; ServiceChannel; UnitPriceSpecification; WebPage; WebSite; ['Organization', 'LocalBusiness', 'HomeAndConstructionBusiness']",11,2,101892,1333,
https://sk-rosa.ru/turnkey-repair-ramenskoe,200,https://sk-rosa.ru/turnkey-repair-ramenskoe,Ремонт под ключ в Раменском от 10 000 ₽/м² | ROSA,49,"Ремонт квартир, домов и коммерческих помещений в Раменском. От 10 000 ₽/м², смета, договор, поэтапные акты и гарантия.",118,"Ремонт квартир, домов и коммерческих помещений под ключ в Раменском","index, follow, max-image-preview:large, max-snippet:-1, max-video-preview:-1","AdministrativeArea; Answer; BreadcrumbList; City; ContactPoint; FAQPage; GeoCoordinates; ImageObject; ListItem; Offer; OpeningHoursSpecification; PostalAddress; Question; Service; ServiceChannel; UnitPriceSpecification; WebPage; WebSite; ['Organization', 'LocalBusiness', 'HomeAndConstructionBusiness']",10,2,109481,1759,
https://sk-rosa.ru/turnkey-repair-noginsk,200,https://sk-rosa.ru/turnkey-repair-noginsk,Ремонт под ключ в Ногинске от 10 000 ₽/м² | ROSA,48,"Ремонт квартир, домов и коммерческих помещений в Ногинске. От 10 000 ₽/м², смета, договор, поэтапные акты и гарантия.",117,"Ремонт квартир, домов и коммерческих помещений под ключ в Ногинске","index, follow, max-image-preview:large, max-snippet:-1, max-video-preview:-1","AdministrativeArea; Answer; BreadcrumbList; City; ContactPoint; FAQPage; GeoCoordinates; ImageObject; ListItem; Offer; OpeningHoursSpecification; PostalAddress; Question; Service; ServiceChannel; UnitPriceSpecification; WebPage; WebSite; ['Organization', 'LocalBusiness', 'HomeAndConstructionBusiness']",11,2,109041,1753,
https://sk-rosa.ru/turnkey-repair-istra,200,https://sk-rosa.ru/turnkey-repair-istra,Ремонт под ключ в Истре от 10 000 ₽/м² | ROSA,45,"Ремонт квартир, домов и коммерческих помещений в Истре. От 10 000 ₽/м², смета, договор, поэтапные акты и гарантия.",114,"Ремонт квартир, домов и коммерческих помещений под ключ в Истре","index, follow, max-image-preview:large, max-snippet:-1, max-video-preview:-1","AdministrativeArea; Answer; BreadcrumbList; City; ContactPoint; FAQPage; GeoCoordinates; ImageObject; ListItem; Offer; OpeningHoursSpecification; PostalAddress; Question; Service; ServiceChannel; UnitPriceSpecification; WebPage; WebSite; ['Organization', 'LocalBusiness', 'HomeAndConstructionBusiness']",10,2,108777,1757,
https://sk-rosa.ru/turnkey-repair-naro-fominsk,200,https://sk-rosa.ru/turnkey-repair-naro-fominsk,Ремонт под ключ в Наро-Фоминске от 10 000 ₽/м² | ROSA,53,"Ремонт квартир, домов и коммерческих помещений в Наро-Фоминске. От 10 000 ₽/м², смета, договор, поэтапные акты и гарантия.",122,"Ремонт квартир, домов и коммерческих помещений под ключ в Наро-Фоминске","index, follow, max-image-preview:large, max-snippet:-1, max-video-preview:-1","AdministrativeArea; Answer; BreadcrumbList; City; ContactPoint; FAQPage; GeoCoordinates; ImageObject; ListItem; Offer; OpeningHoursSpecification; PostalAddress; Question; Service; ServiceChannel; UnitPriceSpecification; WebPage; WebSite; ['Organization', 'LocalBusiness', 'HomeAndConstructionBusiness']",9,2,109549,1752,
https://sk-rosa.ru/turnkey-repair-aprelevka,200,https://sk-rosa.ru/turnkey-repair-aprelevka,Ремонт под ключ в Апрелевке от 10 000 ₽/м² | ROSA,49,"Ремонт квартир, домов и коммерческих помещений в Апрелевке. От 10 000 ₽/м², смета, договор, поэтапные акты и гарантия.",118,"Ремонт квартир, домов и коммерческих помещений под ключ в Апрелевке","index, follow, max-image-preview:large, max-snippet:-1, max-video-preview:-1","AdministrativeArea; Answer; BreadcrumbList; City; ContactPoint; FAQPage; GeoCoordinates; ImageObject; ListItem; Offer; OpeningHoursSpecification; PostalAddress; Question; Service; ServiceChannel; UnitPriceSpecification; WebPage; WebSite; ['Organization', 'LocalBusiness', 'HomeAndConstructionBusiness']",8,2,109147,1746,
https://sk-rosa.ru/turnkey-repair-bronnitsy,200,https://sk-rosa.ru/turnkey-repair-bronnitsy,Ремонт под ключ в Бронницах от 10 000 ₽/м² | ROSA,49,"Восстановительный ремонт после протечки в Бронницах от 10 000 ₽/м². Поиск причины, карта намокания, просушка, демонтаж и контроль перед отделкой.",145,"Ремонт квартир, домов и коммерческих помещений под ключ в Бронницах","index, follow, max-image-preview:large, max-snippet:-1, max-video-preview:-1","AdministrativeArea; Answer; BreadcrumbList; City; ContactPoint; FAQPage; GeoCoordinates; ImageObject; ListItem; Offer; OpeningHoursSpecification; PostalAddress; Question; Service; ServiceChannel; UnitPriceSpecification; WebPage; WebSite; ['Organization', 'LocalBusiness', 'HomeAndConstructionBusiness']",10,2,101903,1299,
https://sk-rosa.ru/turnkey-repair-volokolamsk,200,https://sk-rosa.ru/turnkey-repair-volokolamsk,Ремонт под ключ в Волоколамске от 10 000 ₽/м² | ROSA,52,"Ремонт дома под ключ в Волоколамске от 10 000 ₽/м². Дистанционный контроль, готовность инженерии, календарь поставок и фотофиксация этапов.",139,"Ремонт квартир, домов и коммерческих помещений под ключ в Волоколамске","index, follow, max-image-preview:large, max-snippet:-1, max-video-preview:-1","AdministrativeArea; Answer; BreadcrumbList; City; ContactPoint; FAQPage; GeoCoordinates; ImageObject; ListItem; Offer; OpeningHoursSpecification; PostalAddress; Question; Service; ServiceChannel; UnitPriceSpecification; WebPage; WebSite; ['Organization', 'LocalBusiness', 'HomeAndConstructionBusiness']",7,2,102553,1328,
https://sk-rosa.ru/turnkey-repair-voskresensk,200,https://sk-rosa.ru/turnkey-repair-voskresensk,Ремонт под ключ в Воскресенске от 10 000 ₽/м² | ROSA,52,"Ремонт квартир, домов и коммерческих помещений в Воскресенске. От 10 000 ₽/м², смета, договор, поэтапные акты и гарантия.",121,"Ремонт квартир, домов и коммерческих помещений под ключ в Воскресенске","index, follow, max-image-preview:large, max-snippet:-1, max-video-preview:-1","AdministrativeArea; Answer; BreadcrumbList; City; ContactPoint; FAQPage; GeoCoordinates; ImageObject; ListItem; Offer; OpeningHoursSpecification; PostalAddress; Question; Service; ServiceChannel; UnitPriceSpecification; WebPage; WebSite; ['Organization', 'LocalBusiness', 'HomeAndConstructionBusiness']",9,2,109546,1757,
https://sk-rosa.ru/turnkey-repair-golitsyino,200,https://sk-rosa.ru/turnkey-repair-golitsyino,Ремонт под ключ в Голицыно от 10 000 ₽/м² | ROSA,48,"Ремонт квартир, домов и коммерческих помещений в Голицыно. От 10 000 ₽/м², смета, договор, поэтапные акты и гарантия.",117,"Ремонт квартир, домов и коммерческих помещений под ключ в Голицыно","index, follow, max-image-preview:large, max-snippet:-1, max-video-preview:-1","AdministrativeArea; Answer; BreadcrumbList; City; ContactPoint; FAQPage; GeoCoordinates; ImageObject; ListItem; Offer; OpeningHoursSpecification; PostalAddress; Question; Service; ServiceChannel; UnitPriceSpecification; WebPage; WebSite; ['Organization', 'LocalBusiness', 'HomeAndConstructionBusiness']",10,2,109210,1757,
https://sk-rosa.ru/turnkey-repair-dmitrov,200,https://sk-rosa.ru/turnkey-repair-dmitrov,Ремонт под ключ в Дмитрове от 10 000 ₽/м² | ROSA,48,"Ремонт квартир, домов и коммерческих помещений в Дмитрове. От 10 000 ₽/м², смета, договор, поэтапные акты и гарантия.",117,"Ремонт квартир, домов и коммерческих помещений под ключ в Дмитрове","index, follow, max-image-preview:large, max-snippet:-1, max-video-preview:-1","AdministrativeArea; Answer; BreadcrumbList; City; ContactPoint; FAQPage; GeoCoordinates; ImageObject; ListItem; Offer; OpeningHoursSpecification; PostalAddress; Question; Service; ServiceChannel; UnitPriceSpecification; WebPage; WebSite; ['Organization', 'LocalBusiness', 'HomeAndConstructionBusiness']",9,2,108966,1747,
https://sk-rosa.ru/turnkey-repair-egorievsk,200,https://sk-rosa.ru/turnkey-repair-egorievsk,Ремонт под ключ в Егорьевске от 10 000 ₽/м² | ROSA,50,"Ремонт квартир, домов и коммерческих помещений в Егорьевске. От 10 000 ₽/м², смета, договор, поэтапные акты и гарантия.",119,"Ремонт квартир, домов и коммерческих помещений под ключ в Егорьевске","index, follow, max-image-preview:large, max-snippet:-1, max-video-preview:-1","AdministrativeArea; Answer; BreadcrumbList; City; ContactPoint; FAQPage; GeoCoordinates; ImageObject; ListItem; Offer; OpeningHoursSpecification; PostalAddress; Question; Service; ServiceChannel; UnitPriceSpecification; WebPage; WebSite; ['Organization', 'LocalBusiness', 'HomeAndConstructionBusiness']",9,2,109258,1749,
https://sk-rosa.ru/turnkey-repair-zheleznodorozhny,200,https://sk-rosa.ru/turnkey-repair-zheleznodorozhny,Ремонт под ключ в Железнодорожном от 10 000 ₽/м² | ROSA,55,"Ремонт квартир, домов и коммерческих помещений в Железнодорожном. От 10 000 ₽/м², смета, договор, поэтапные акты и гарантия.",124,"Ремонт квартир, домов и коммерческих помещений под ключ в Железнодорожном","index, follow, max-image-preview:large, max-snippet:-1, max-video-preview:-1","AdministrativeArea; Answer; BreadcrumbList; City; ContactPoint; FAQPage; GeoCoordinates; ImageObject; ListItem; Offer; OpeningHoursSpecification; PostalAddress; Question; Service; ServiceChannel; UnitPriceSpecification; WebPage; WebSite; ['Organization', 'LocalBusiness', 'HomeAndConstructionBusiness']",7,2,109995,1754,
https://sk-rosa.ru/turnkey-repair-zhukovsky,200,https://sk-rosa.ru/turnkey-repair-zhukovsky,Ремонт под ключ в Жуковском от 10 000 ₽/м² | ROSA,49,"Ремонт квартир, домов и коммерческих помещений в Жуковском. От 10 000 ₽/м², смета, договор, поэтапные акты и гарантия.",118,"Ремонт квартир, домов и коммерческих помещений под ключ в Жуковском","index, follow, max-image-preview:large, max-snippet:-1, max-video-preview:-1","AdministrativeArea; Answer; BreadcrumbList; City; ContactPoint; FAQPage; GeoCoordinates; ImageObject; ListItem; Offer; OpeningHoursSpecification; PostalAddress; Question; Service; ServiceChannel; UnitPriceSpecification; WebPage; WebSite; ['Organization', 'LocalBusiness', 'HomeAndConstructionBusiness']",9,2,109236,1752,
https://sk-rosa.ru/turnkey-repair-zaraysk,200,https://sk-rosa.ru/turnkey-repair-zaraysk,Ремонт под ключ в Зарайске от 10 000 ₽/м² | ROSA,48,"Ремонт квартир, домов и коммерческих помещений в Зарайске. От 10 000 ₽/м², смета, договор, поэтапные акты и гарантия.",117,"Ремонт квартир, домов и коммерческих помещений под ключ в Зарайске","index, follow, max-image-preview:large, max-snippet:-1, max-video-preview:-1","AdministrativeArea; Answer; BreadcrumbList; City; ContactPoint; FAQPage; GeoCoordinates; ImageObject; ListItem; Offer; OpeningHoursSpecification; PostalAddress; Question; Service; ServiceChannel; UnitPriceSpecification; WebPage; WebSite; ['Organization', 'LocalBusiness', 'HomeAndConstructionBusiness']",9,2,108983,1751,
https://sk-rosa.ru/turnkey-repair-zvenigorod,200,https://sk-rosa.ru/turnkey-repair-zvenigorod,Ремонт под ключ в Звенигороде от 10 000 ₽/м² | ROSA,51,"Ремонт квартир, домов и коммерческих помещений в Звенигороде. От 10 000 ₽/м², смета, договор, поэтапные акты и гарантия.",120,"Ремонт квартир, домов и коммерческих помещений под ключ в Звенигороде","index, follow, max-image-preview:large, max-snippet:-1, max-video-preview:-1","AdministrativeArea; Answer; BreadcrumbList; City; ContactPoint; FAQPage; GeoCoordinates; ImageObject; ListItem; Offer; OpeningHoursSpecification; PostalAddress; Question; Service; ServiceChannel; UnitPriceSpecification; WebPage; WebSite; ['Organization', 'LocalBusiness', 'HomeAndConstructionBusiness']",10,2,109388,1753,
https://sk-rosa.ru/turnkey-repair-ivanteevka,200,https://sk-rosa.ru/turnkey-repair-ivanteevka,Ремонт под ключ в Ивантеевке от 10 000 ₽/м² | ROSA,50,"Ремонт квартир, домов и коммерческих помещений в Ивантеевке. От 10 000 ₽/м², смета, договор, поэтапные акты и гарантия.",119,"Ремонт квартир, домов и коммерческих помещений под ключ в Ивантеевке","index, follow, max-image-preview:large, max-snippet:-1, max-video-preview:-1","AdministrativeArea; Answer; BreadcrumbList; City; ContactPoint; FAQPage; GeoCoordinates; ImageObject; ListItem; Offer; OpeningHoursSpecification; PostalAddress; Question; Service; ServiceChannel; UnitPriceSpecification; WebPage; WebSite; ['Organization', 'LocalBusiness', 'HomeAndConstructionBusiness']",9,2,109292,1748,
https://sk-rosa.ru/turnkey-repair-kashira,200,https://sk-rosa.ru/turnkey-repair-kashira,Ремонт под ключ в Кашире от 10 000 ₽/м² | ROSA,46,"Ремонт квартир, домов и коммерческих помещений в Кашире. От 10 000 ₽/м², смета, договор, поэтапные акты и гарантия.",115,"Ремонт квартир, домов и коммерческих помещений под ключ в Кашире","index, follow, max-image-preview:large, max-snippet:-1, max-video-preview:-1","AdministrativeArea; Answer; BreadcrumbList; City; ContactPoint; FAQPage; GeoCoordinates; ImageObject; ListItem; Offer; OpeningHoursSpecification; PostalAddress; Question; Service; ServiceChannel; UnitPriceSpecification; WebPage; WebSite; ['Organization', 'LocalBusiness', 'HomeAndConstructionBusiness']",8,2,108862,1753,
https://sk-rosa.ru/turnkey-repair-kolomna,200,https://sk-rosa.ru/turnkey-repair-kolomna,Ремонт под ключ в Коломне от 10 000 ₽/м² | ROSA,47,"Ремонт квартир, домов и коммерческих помещений в Коломне. От 10 000 ₽/м², смета, договор, поэтапные акты и гарантия.",116,"Ремонт квартир, домов и коммерческих помещений под ключ в Коломне","index, follow, max-image-preview:large, max-snippet:-1, max-video-preview:-1","AdministrativeArea; Answer; BreadcrumbList; City; ContactPoint; FAQPage; GeoCoordinates; ImageObject; ListItem; Offer; OpeningHoursSpecification; PostalAddress; Question; Service; ServiceChannel; UnitPriceSpecification; WebPage; WebSite; ['Organization', 'LocalBusiness', 'HomeAndConstructionBusiness']",12,2,108905,1749,
https://sk-rosa.ru/turnkey-repair-losino-petrovsky,200,https://sk-rosa.ru/turnkey-repair-losino-petrovsky,Ремонт под ключ в Лосино-Петровском от 10 000 ₽/м² | ROSA,57,"Ремонт квартир, домов и коммерческих помещений в Лосино-Петровском. От 10 000 ₽/м², смета, договор, поэтапные акты и гарантия.",126,"Ремонт квартир, домов и коммерческих помещений под ключ в Лосино-Петровском","index, follow, max-image-preview:large, max-snippet:-1, max-video-preview:-1","AdministrativeArea; Answer; BreadcrumbList; City; ContactPoint; FAQPage; GeoCoordinates; ImageObject; ListItem; Offer; OpeningHoursSpecification; PostalAddress; Question; Service; ServiceChannel; UnitPriceSpecification; WebPage; WebSite; ['Organization', 'LocalBusiness', 'HomeAndConstructionBusiness']",7,2,110159,1758,
https://sk-rosa.ru/turnkey-repair-lukhovitsy,200,https://sk-rosa.ru/turnkey-repair-lukhovitsy,Ремонт под ключ в Луховицах от 10 000 ₽/м² | ROSA,49,"Поэтапный ремонт дома в Луховицах от 10 000 ₽/м². Тёплый контур, инженерный минимум, консервация незавершённых зон и сдача очередями.",133,"Ремонт квартир, домов и коммерческих помещений под ключ в Луховицах","index, follow, max-image-preview:large, max-snippet:-1, max-video-preview:-1","AdministrativeArea; Answer; BreadcrumbList; City; ContactPoint; FAQPage; GeoCoordinates; ImageObject; ListItem; Offer; OpeningHoursSpecification; PostalAddress; Question; Service; ServiceChannel; UnitPriceSpecification; WebPage; WebSite; ['Organization', 'LocalBusiness', 'HomeAndConstructionBusiness']",8,2,102040,1320,
https://sk-rosa.ru/turnkey-repair-malakhovka,200,https://sk-rosa.ru/turnkey-repair-malakhovka,Ремонт под ключ в Малаховке от 10 000 ₽/м² | ROSA,49,"Ремонт квартир, домов и коммерческих помещений в Малаховке. От 10 000 ₽/м², смета, договор, поэтапные акты и гарантия.",118,"Ремонт квартир, домов и коммерческих помещений под ключ в Малаховке","index, follow, max-image-preview:large, max-snippet:-1, max-video-preview:-1","AdministrativeArea; Answer; BreadcrumbList; City; ContactPoint; FAQPage; GeoCoordinates; ImageObject; ListItem; Offer; OpeningHoursSpecification; PostalAddress; Question; Service; ServiceChannel; UnitPriceSpecification; WebPage; WebSite; ['Organization', 'LocalBusiness', 'HomeAndConstructionBusiness']",6,2,109175,1746,
https://sk-rosa.ru/turnkey-repair-monino,200,https://sk-rosa.ru/turnkey-repair-monino,Ремонт под ключ в Монино от 10 000 ₽/м² | ROSA,46,"Ремонт под ключ в Монине от 10 000 ₽/м². Обследование вторичного жилья, безопасный демонтаж, ревизия инженерии и поэтапная смета до чистовой отделки.",149,"Ремонт квартир, домов и коммерческих помещений под ключ в Монино","index, follow, max-image-preview:large, max-snippet:-1, max-video-preview:-1","AdministrativeArea; Answer; BreadcrumbList; City; ContactPoint; FAQPage; GeoCoordinates; ImageObject; ListItem; Offer; OpeningHoursSpecification; PostalAddress; Question; Service; ServiceChannel; UnitPriceSpecification; WebPage; WebSite; ['Organization', 'LocalBusiness', 'HomeAndConstructionBusiness']",11,2,102826,1371,
https://sk-rosa.ru/turnkey-repair-orekhovo-zuevo,200,https://sk-rosa.ru/turnkey-repair-orekhovo-zuevo,Ремонт под ключ в Орехово-Зуево от 10 000 ₽/м² | ROSA,53,"Ремонт действующего офиса в Орехово-Зуеве от 10 000 ₽/м². Деление на очереди, временные рабочие места, инженерные переключения и сдача зон.",139,"Ремонт квартир, домов и коммерческих помещений под ключ в Орехово-Зуево","index, follow, max-image-preview:large, max-snippet:-1, max-video-preview:-1","AdministrativeArea; Answer; BreadcrumbList; City; ContactPoint; FAQPage; GeoCoordinates; ImageObject; ListItem; Offer; OpeningHoursSpecification; PostalAddress; Question; Service; ServiceChannel; UnitPriceSpecification; WebPage; WebSite; ['Organization', 'LocalBusiness', 'HomeAndConstructionBusiness']",8,2,102106,1300,
https://sk-rosa.ru/turnkey-repair-serpukhov,200,https://sk-rosa.ru/turnkey-repair-serpukhov,Ремонт под ключ в Серпухове от 10 000 ₽/м² | ROSA,49,"Ремонт квартир, домов и коммерческих помещений в Серпухове. От 10 000 ₽/м², смета, договор, поэтапные акты и гарантия.",118,"Ремонт квартир, домов и коммерческих помещений под ключ в Серпухове","index, follow, max-image-preview:large, max-snippet:-1, max-video-preview:-1","AdministrativeArea; Answer; BreadcrumbList; City; ContactPoint; FAQPage; GeoCoordinates; ImageObject; ListItem; Offer; OpeningHoursSpecification; PostalAddress; Question; Service; ServiceChannel; UnitPriceSpecification; WebPage; WebSite; ['Organization', 'LocalBusiness', 'HomeAndConstructionBusiness']",8,2,109176,1751,
https://sk-rosa.ru/turnkey-repair-solnechnogorsk,200,https://sk-rosa.ru/turnkey-repair-solnechnogorsk,Ремонт под ключ в Солнечногорске от 10 000 ₽/м² | ROSA,54,"Ремонт квартир, домов и коммерческих помещений в Солнечногорске. От 10 000 ₽/м², смета, договор, поэтапные акты и гарантия.",123,"Ремонт квартир, домов и коммерческих помещений под ключ в Солнечногорске","index, follow, max-image-preview:large, max-snippet:-1, max-video-preview:-1","AdministrativeArea; Answer; BreadcrumbList; City; ContactPoint; FAQPage; GeoCoordinates; ImageObject; ListItem; Offer; OpeningHoursSpecification; PostalAddress; Question; Service; ServiceChannel; UnitPriceSpecification; WebPage; WebSite; ['Organization', 'LocalBusiness', 'HomeAndConstructionBusiness']",8,2,109804,1752,
https://sk-rosa.ru/turnkey-repair-staraya-kupavna,200,https://sk-rosa.ru/turnkey-repair-staraya-kupavna,Ремонт под ключ в Старой Купавне от 10 000 ₽/м² | ROSA,54,"Ремонт коммерческого помещения в Старой Купавне от 10 000 ₽/м². Обратный график от даты открытия, инженерные мощности и приёмка перед запуском.",143,"Ремонт квартир, домов и коммерческих помещений под ключ в Старой Купавне","index, follow, max-image-preview:large, max-snippet:-1, max-video-preview:-1","AdministrativeArea; Answer; BreadcrumbList; City; ContactPoint; FAQPage; GeoCoordinates; ImageObject; ListItem; Offer; OpeningHoursSpecification; PostalAddress; Question; Service; ServiceChannel; UnitPriceSpecification; WebPage; WebSite; ['Organization', 'LocalBusiness', 'HomeAndConstructionBusiness']",8,2,103142,1350,
https://sk-rosa.ru/turnkey-repair-stupino,200,https://sk-rosa.ru/turnkey-repair-stupino,Ремонт под ключ в Ступино от 10 000 ₽/м² | ROSA,47,"Ремонт квартир, домов и коммерческих помещений в Ступино. От 10 000 ₽/м², смета, договор, поэтапные акты и гарантия.",116,"Ремонт квартир, домов и коммерческих помещений под ключ в Ступино","index, follow, max-image-preview:large, max-snippet:-1, max-video-preview:-1","AdministrativeArea; Answer; BreadcrumbList; City; ContactPoint; FAQPage; GeoCoordinates; ImageObject; ListItem; Offer; OpeningHoursSpecification; PostalAddress; Question; Service; ServiceChannel; UnitPriceSpecification; WebPage; WebSite; ['Organization', 'LocalBusiness', 'HomeAndConstructionBusiness']",9,2,108926,1753,
https://sk-rosa.ru/turnkey-repair-troitsk,200,https://sk-rosa.ru/turnkey-repair-troitsk,Ремонт под ключ в Троицке от 10 000 ₽/м² | ROSA,47,"Ремонт таунхауса или дома в Троицке от 10 000 ₽/м². Техническое задание по этажам, инженерные вводы, лестница, этапная смета и приёмка.",135,"Ремонт квартир, домов и коммерческих помещений под ключ в Троицке","index, follow, max-image-preview:large, max-snippet:-1, max-video-preview:-1","AdministrativeArea; Answer; BreadcrumbList; City; ContactPoint; FAQPage; GeoCoordinates; ImageObject; ListItem; Offer; OpeningHoursSpecification; PostalAddress; Question; Service; ServiceChannel; UnitPriceSpecification; WebPage; WebSite; ['Organization', 'LocalBusiness', 'HomeAndConstructionBusiness']",7,2,102096,1330,
https://sk-rosa.ru/turnkey-repair-fryazino,200,https://sk-rosa.ru/turnkey-repair-fryazino,Ремонт под ключ в Фрязино от 10 000 ₽/м² | ROSA,47,"Ремонт квартир, домов и коммерческих помещений в Фрязино. От 10 000 ₽/м², смета, договор, поэтапные акты и гарантия.",116,"Ремонт квартир, домов и коммерческих помещений под ключ в Фрязино","index, follow, max-image-preview:large, max-snippet:-1, max-video-preview:-1","AdministrativeArea; Answer; BreadcrumbList; City; ContactPoint; FAQPage; GeoCoordinates; ImageObject; ListItem; Offer; OpeningHoursSpecification; PostalAddress; Question; Service; ServiceChannel; UnitPriceSpecification; WebPage; WebSite; ['Organization', 'LocalBusiness', 'HomeAndConstructionBusiness']",7,2,108957,1749,
https://sk-rosa.ru/turnkey-repair-chekhov,200,https://sk-rosa.ru/turnkey-repair-chekhov,Ремонт под ключ в Чехове от 10 000 ₽/м² | ROSA,46,"Ремонт дома под ключ в Чехове от 10 000 ₽/м². Проверка отопления и влажности, последовательность инженерии и отделки, поэтапная комплектация и приёмка.",151,"Ремонт квартир, домов и коммерческих помещений под ключ в Чехове","index, follow, max-image-preview:large, max-snippet:-1, max-video-preview:-1","AdministrativeArea; Answer; BreadcrumbList; City; ContactPoint; FAQPage; GeoCoordinates; ImageObject; ListItem; Offer; OpeningHoursSpecification; PostalAddress; Question; Service; ServiceChannel; UnitPriceSpecification; WebPage; WebSite; ['Organization', 'LocalBusiness', 'HomeAndConstructionBusiness']",8,2,103404,1408,
https://sk-rosa.ru/turnkey-repair-korolev,200,https://sk-rosa.ru/turnkey-repair-korolev,Ремонт под ключ в Королёве от 10 000 ₽/м² | ROSA,48,"Ремонт квартир, домов и коммерческих помещений в Королёве. От 10 000 ₽/м², смета, договор, поэтапные акты и гарантия.",117,"Ремонт квартир, домов и коммерческих помещений под ключ в Королёве","index, follow, max-image-preview:large, max-snippet:-1, max-video-preview:-1","AdministrativeArea; Answer; BreadcrumbList; City; ContactPoint; FAQPage; GeoCoordinates; ImageObject; ListItem; Offer; OpeningHoursSpecification; PostalAddress; Question; Service; ServiceChannel; UnitPriceSpecification; WebPage; WebSite; ['Organization', 'LocalBusiness', 'HomeAndConstructionBusiness']",11,2,108979,1746,
https://sk-rosa.ru/turnkey-repair-sergiev-posad,200,https://sk-rosa.ru/turnkey-repair-sergiev-posad,Ремонт под ключ в Сергиевом Посаде от 10 000 ₽/м² | ROSA,56,"Ремонт вторичной квартиры в Сергиевом Посаде от 10 000 ₽/м². План демонтажа, проверка старой инженерии, восстановление оснований и контроль допработ.",149,"Ремонт квартир, домов и коммерческих помещений под ключ в Сергиевом Посаде","index, follow, max-image-preview:large, max-snippet:-1, max-video-preview:-1","AdministrativeArea; Answer; BreadcrumbList; City; ContactPoint; FAQPage; GeoCoordinates; ImageObject; ListItem; Offer; OpeningHoursSpecification; PostalAddress; Question; Service; ServiceChannel; UnitPriceSpecification; WebPage; WebSite; ['Organization', 'LocalBusiness', 'HomeAndConstructionBusiness']",6,2,102868,1310,
https://sk-rosa.ru/turnkey-repair-odintsovo,200,https://sk-rosa.ru/turnkey-repair-odintsovo,Ремонт под ключ в Одинцово от 10 000 ₽/м² | ROSA,48,"Ремонт квартир, домов и коммерческих помещений в Одинцово. От 10 000 ₽/м², смета, договор, поэтапные акты и гарантия.",117,"Ремонт квартир, домов и коммерческих помещений под ключ в Одинцово","index, follow, max-image-preview:large, max-snippet:-1, max-video-preview:-1","AdministrativeArea; Answer; BreadcrumbList; City; ContactPoint; FAQPage; GeoCoordinates; ImageObject; ListItem; Offer; OpeningHoursSpecification; PostalAddress; Question; Service; ServiceChannel; UnitPriceSpecification; WebPage; WebSite; ['Organization', 'LocalBusiness', 'HomeAndConstructionBusiness']",12,2,109058,1751,
https://sk-rosa.ru/turnkey-repair-reutov,200,https://sk-rosa.ru/turnkey-repair-reutov,Ремонт под ключ в Реутове от 10 000 ₽/м² | ROSA,47,"Ремонт квартир, домов и коммерческих помещений в Реутове. От 10 000 ₽/м², смета, договор, поэтапные акты и гарантия.",116,"Ремонт квартир, домов и коммерческих помещений под ключ в Реутове","index, follow, max-image-preview:large, max-snippet:-1, max-video-preview:-1","AdministrativeArea; Answer; BreadcrumbList; City; ContactPoint; FAQPage; GeoCoordinates; ImageObject; ListItem; Offer; OpeningHoursSpecification; PostalAddress; Question; Service; ServiceChannel; UnitPriceSpecification; WebPage; WebSite; ['Organization', 'LocalBusiness', 'HomeAndConstructionBusiness']",9,2,109080,1761,
https://sk-rosa.ru/turnkey-repair-lobnya,200,https://sk-rosa.ru/turnkey-repair-lobnya,Ремонт под ключ в Лобне от 10 000 ₽/м² | ROSA,45,"Ремонт квартир, домов и коммерческих помещений в Лобне. От 10 000 ₽/м², смета, договор, поэтапные акты и гарантия.",114,"Ремонт квартир, домов и коммерческих помещений под ключ в Лобне","index, follow, max-image-preview:large, max-snippet:-1, max-video-preview:-1","AdministrativeArea; Answer; BreadcrumbList; City; ContactPoint; FAQPage; GeoCoordinates; ImageObject; ListItem; Offer; OpeningHoursSpecification; PostalAddress; Question; Service; ServiceChannel; UnitPriceSpecification; WebPage; WebSite; ['Organization', 'LocalBusiness', 'HomeAndConstructionBusiness']",10,2,108713,1752,
